transaction_id,market_id,trader_id,trader_name,product,quantity,revenue,payment_method,transaction_date
TXN0001,MKT005,TR005,ALHAJI MUSA,Gari,8,86160,Transfer,2024-02-03 13:53
TXN0002,MKT004,TR001,SADIYA,Beans,14,492226,POS,2024-01-05 13:46
TXN0003,MKT002,TR006,ALHAJI MUSA,Tomatoes,8,283392,Transfer,2024-01-07 16:53
TXN0004,MKT003,TR001,Sadiya,Beans,13,248027,Transfer,2024-03-02 10:14
TXN0005,MKT005,TR002,Alhaji Musa,Rice,6,46302,Cash,2024-01-27 14:37
TXN0006,MKT001,TR013,MAMA NKECHI,Yam,4,185428,POS,2024-02-29 18:50
TXN0007,MKT001,TR010,ALHAJI MUSA,Rice,2,53156,Transfer,2024-01-09 17:34
TXN0008,MKT005,TR020,MAMA NKECHI,Tomatoes,5,21770,Cash,2024-01-01 13:03
TXN0009,MKT005,TR008,ALHAJI MUSA,Rice,19,342190,Cash,2024-02-04 12:40
TXN0010,MKT004,TR012,Chinedu,Beans,20,287280,Cash,2024-03-07 15:43
TXN0011,MKT001,TR002,Chinedu,Beans,19,694298,Transfer,2024-03-12 12:02
TXN0012,MKT001,TR005,Chinedu,Gari,17,750040,Transfer,2024-01-18 18:54
TXN0013,MKT004,TR005,Alhaji Musa,Rice,8,83960,Transfer,2024-02-15 11:25
TXN0014,MKT001,TR005,SADIYA,Tomatoes,18,482760,Transfer,2024-02-17 14:41
TXN0015,MKT001,TR013,Mama Nkechi,Rice,6,50112,Transfer,2024-02-21 11:50
TXN0016,MKT001,TR013,Bello,Yam,11,395384,Transfer,2024-01-31 09:47
TXN0017,MKT003,TR009,Sadiya,Rice,19,230812,Cash,2024-03-19 13:45
TXN0018,MKT002,TR019,Mama Nkechi,Beans,17,46665,Cash,2024-01-12 18:16
TXN0019,MKT003,TR013,MAMA NKECHI,Tomatoes,8,242664,Cash,2024-03-20 08:53
TXN0020,MKT001,TR010,BELLO,Yam,12,480492,POS,2024-02-28 09:50
TXN0021,MKT004,TR001,MAMA NKECHI,Gari,16,220352,Transfer,2024-02-19 12:12
TXN0022,MKT005,TR016,Chinedu,Tomatoes,10,201210,POS,2024-02-14 11:39
TXN0023,MKT003,TR005,Bello,Yam,3,137214,POS,2024-01-24 12:03
TXN0024,MKT003,TR017,Alhaji Musa,Yam,16,391584,Cash,2024-03-18 18:23
TXN0025,MKT001,TR011,Mama Nkechi,Beans,1,9321,Transfer,2024-02-24 18:19
TXN0026,MKT005,TR003,Alhaji Musa,Gari,1,12073,POS,2024-01-28 10:25
TXN0027,MKT005,TR011,Bello,Yam,9,79902,Transfer,2024-03-26 12:49
TXN0028,MKT005,TR020,SADIYA,Yam,9,147762,Cash,2024-02-20 09:24
TXN0029,MKT003,TR005,Chinedu,Rice,15,78315,Transfer,2024-02-21 15:38
TXN0030,MKT001,TR014,SADIYA,Gari,5,86310,Transfer,2024-01-21 16:25
TXN0031,MKT002,TR003,Bello,Gari,14,281484,Cash,2024-01-22 17:27
TXN0032,MKT003,TR012,Mama Nkechi,Tomatoes,2,54922,POS,2024-03-20 12:51
TXN0033,MKT003,TR004,MAMA NKECHI,Rice,5,147950,Cash,2024-01-31 16:46
TXN0034,MKT005,TR017,Bello,Tomatoes,3,92547,Cash,2024-02-16 09:10
TXN0035,MKT002,TR019,Sadiya,Yam,6,255774,Cash,2024-03-25 09:19
TXN0036,MKT004,TR005,Alhaji Musa,Rice,14,363384,Cash,2024-01-18 15:12
TXN0037,MKT004,TR006,Chinedu,Tomatoes,10,249550,Transfer,2024-02-18 11:20
TXN0038,MKT003,TR008,Mama Nkechi,Yam,19,873867,POS,2024-03-11 08:23
TXN0039,MKT003,TR006,CHINEDU,Gari,5,217020,Transfer,2024-03-17 08:10
TXN0040,MKT001,TR010,CHINEDU,Beans,2,7986,Cash,2024-02-02 17:22
TXN0041,MKT001,TR005,MAMA NKECHI,Rice,10,395180,Cash,2024-01-19 16:55
TXN0042,MKT003,TR006,Alhaji Musa,Beans,19,550031,Transfer,2024-03-07 10:42
TXN0043,MKT003,TR013,ALHAJI MUSA,Tomatoes,2,15594,Cash,2024-02-13 17:38
TXN0044,MKT005,TR002,Chinedu,Rice,14,18424,POS,2024-03-24 18:47
TXN0045,MKT004,TR007,Alhaji Musa,Beans,19,619970,Cash,2024-03-15 15:28
TXN0046,MKT001,TR013,Mama Nkechi,Beans,19,324558,POS,2024-03-06 18:28
TXN0047,MKT002,TR016,Alhaji Musa,Rice,14,419972,Cash,2024-03-13 08:58
TXN0048,MKT003,TR001,Bello,Gari,20,693820,POS,2024-01-13 10:01
TXN0049,MKT005,TR018,Chinedu,Rice,17,835210,POS,2024-03-17 15:51
TXN0050,MKT004,TR019,ALHAJI MUSA,Tomatoes,19,789526,Transfer,2024-01-21 15:56
TXN0051,MKT003,TR010,SADIYA,Yam,7,28693,Cash,2024-02-11 13:17
TXN0052,MKT002,TR018,Bello,Gari,9,171801,Cash,2024-02-20 12:13
TXN0053,MKT005,TR006,MAMA NKECHI,Tomatoes,14,12432,POS,2024-01-22 14:56
TXN0054,MKT002,TR013,CHINEDU,Yam,8,256864,Transfer,2024-03-13 16:35
TXN0055,MKT004,TR019,Chinedu,Gari,20,591120,Transfer,2024-01-30 11:05
TXN0056,MKT001,TR007,SADIYA,Tomatoes,10,434630,Transfer,2024-03-02 18:35
TXN0057,MKT004,TR002,Bello,Yam,18,883548,Cash,2024-03-22 10:34
TXN0058,MKT005,TR019,ALHAJI MUSA,Tomatoes,11,488004,POS,2024-02-28 16:46
TXN0059,MKT002,TR020,Alhaji Musa,Rice,19,542659,Cash,2024-03-05 15:09
TXN0060,MKT003,TR020,Bello,Tomatoes,13,116727,POS,2024-01-28 14:54
TXN0061,MKT003,TR008,Bello,Yam,10,437900,POS,2024-02-09 14:50
TXN0062,MKT001,TR014,Chinedu,Tomatoes,12,189600,POS,2024-03-22 12:41
TXN0063,MKT003,TR001,Bello,Gari,13,265044,POS,2024-02-16 17:30
TXN0064,MKT002,TR008,ALHAJI MUSA,Gari,7,230510,Cash,2024-01-03 16:36
TXN0065,MKT003,TR019,Bello,Rice,8,377832,Cash,2024-03-17 18:04
TXN0066,MKT004,TR015,Bello,Rice,7,249851,Transfer,2024-01-28 09:58
TXN0067,MKT005,TR011,Bello,Gari,14,357980,POS,2024-01-27 12:09
TXN0068,MKT005,TR008,Bello,Rice,19,73169,Cash,2024-03-20 14:10
TXN0069,MKT004,TR012,CHINEDU,Beans,19,517104,POS,2024-03-17 17:27
TXN0070,MKT003,TR003,Chinedu,Tomatoes,7,120631,Transfer,2024-02-23 15:11
TXN0071,MKT004,TR020,Bello,Yam,10,208560,Transfer,2024-02-18 13:49
TXN0072,MKT004,TR016,BELLO,Beans,20,536200,Cash,2024-02-18 08:30
TXN0073,MKT002,TR013,Mama Nkechi,Yam,14,448644,Cash,2024-02-29 14:19
TXN0074,MKT001,TR008,BELLO,Gari,13,145652,Transfer,2024-02-02 14:16
TXN0075,MKT003,TR002,CHINEDU,Gari,13,565396,POS,2024-03-03 18:58
TXN0076,MKT004,TR011,MAMA NKECHI,Beans,16,743104,Transfer,2024-01-06 16:55
TXN0077,MKT001,TR006,MAMA NKECHI,Tomatoes,5,4105,Transfer,2024-03-26 16:14
TXN0078,MKT003,TR015,Chinedu,Rice,19,126388,Cash,2024-01-26 09:11
TXN0079,MKT002,TR018,BELLO,Yam,14,444234,POS,2024-01-21 11:35
TXN0080,MKT002,TR016,Sadiya,Tomatoes,17,834394,Transfer,2024-01-09 12:33
TXN0081,MKT003,TR011,Sadiya,Beans,8,302912,POS,2024-01-09 08:48
TXN0082,MKT001,TR005,ALHAJI MUSA,Rice,13,93756,Transfer,2024-02-11 09:17
TXN0083,MKT001,TR006,Bello,Rice,5,236435,POS,2024-02-25 09:29
TXN0084,MKT004,TR008,Bello,Tomatoes,13,531011,Cash,2024-03-25 11:27
TXN0085,MKT004,TR009,Chinedu,Rice,20,177640,POS,2024-01-11 09:43
TXN0086,MKT001,TR017,SADIYA,Rice,7,235382,Cash,2024-01-26 11:17
TXN0087,MKT005,TR003,Mama Nkechi,Beans,6,32712,POS,2024-01-30 08:46
TXN0088,MKT003,TR016,Mama Nkechi,Gari,19,689339,Cash,2024-02-28 09:51
TXN0089,MKT003,TR017,BELLO,Yam,3,15081,POS,2024-03-29 18:46
TXN0090,MKT005,TR006,CHINEDU,Yam,20,588700,Transfer,2024-03-26 09:25
TXN0091,MKT001,TR016,Alhaji Musa,Beans,8,302712,POS,2024-02-07 09:32
TXN0092,MKT002,TR007,CHINEDU,Beans,20,175860,Transfer,2024-03-06 17:26
TXN0093,MKT001,TR011,Bello,Yam,18,61956,Cash,2024-03-26 12:58
TXN0094,MKT003,TR020,Alhaji Musa,Tomatoes,6,51030,Cash,2024-03-19 14:32
TXN0095,MKT005,TR001,Mama Nkechi,Beans,2,40822,Transfer,2024-02-22 11:11
TXN0096,MKT003,TR012,Bello,Tomatoes,16,631920,POS,2024-02-27 12:53
TXN0097,MKT003,TR019,ALHAJI MUSA,Beans,4,33228,Cash,2024-03-02 08:32
TXN0098,MKT004,TR012,ALHAJI MUSA,Tomatoes,7,16100,Transfer,2024-02-12 18:33
TXN0099,MKT003,TR007,Bello,Beans,11,360437,POS,2024-03-08 17:30
TXN0100,MKT003,TR002,Chinedu,Gari,7,179739,Cash,2024-03-11 16:31
TXN0101,MKT001,TR018,Alhaji Musa,Gari,19,66823,Transfer,2024-01-30 15:44
TXN0102,MKT004,TR017,BELLO,Gari,12,598224,POS,2024-03-18 09:33
TXN0103,MKT002,TR008,MAMA NKECHI,Tomatoes,2,26054,Cash,2024-01-13 15:34
TXN0104,MKT005,TR015,ALHAJI MUSA,Gari,16,100800,Transfer,2024-01-06 13:59
TXN0105,MKT001,TR008,Alhaji Musa,Tomatoes,7,96936,Cash,2024-02-08 11:03
TXN0106,MKT001,TR012,MAMA NKECHI,Tomatoes,5,114825,Cash,2024-01-12 11:53
TXN0107,MKT004,TR008,Mama Nkechi,Rice,10,470150,Transfer,2024-03-07 08:45
TXN0108,MKT002,TR001,Sadiya,Rice,7,256389,Transfer,2024-03-10 14:53
TXN0109,MKT005,TR013,Chinedu,Yam,18,64188,Transfer,2024-02-25 13:22
TXN0110,MKT003,TR013,Alhaji Musa,Rice,16,309568,Cash,2024-02-05 13:30
TXN0111,MKT004,TR017,SADIYA,Gari,8,50672,POS,2024-02-26 08:04
TXN0112,MKT005,TR019,Alhaji Musa,Beans,5,155875,Cash,2024-03-18 09:32
TXN0113,MKT003,TR011,Alhaji Musa,Rice,15,624795,Transfer,2024-01-19 16:40
TXN0114,MKT001,TR005,Bello,Beans,1,41755,Cash,2024-01-07 10:47
TXN0115,MKT002,TR015,Mama Nkechi,Yam,8,222352,Transfer,2024-02-15 09:40
TXN0116,MKT004,TR003,Alhaji Musa,Beans,14,669312,Cash,2024-02-21 12:46
TXN0117,MKT004,TR009,SADIYA,Beans,6,20226,Transfer,2024-02-03 13:53
TXN0118,MKT005,TR006,CHINEDU,Tomatoes,19,28576,POS,2024-03-11 08:58
TXN0119,MKT005,TR003,Alhaji Musa,Beans,17,756823,Transfer,2024-02-21 17:43
TXN0120,MKT005,TR012,Bello,Yam,20,499400,Cash,2024-03-03 14:32
TXN0121,MKT001,TR015,CHINEDU,Yam,10,247190,Transfer,2024-02-19 14:59
TXN0122,MKT002,TR016,Chinedu,Tomatoes,5,85390,Cash,2024-03-23 16:53
TXN0123,MKT003,TR010,Alhaji Musa,Tomatoes,14,398678,Cash,2024-03-20 12:32
TXN0124,MKT002,TR008,MAMA NKECHI,Rice,8,229824,Cash,2024-03-13 15:35
TXN0125,MKT001,TR019,Chinedu,Beans,17,29971,POS,2024-03-20 14:23
TXN0126,MKT002,TR018,Alhaji Musa,Yam,2,80132,Cash,2024-01-29 08:57
TXN0127,MKT004,TR015,BELLO,Rice,19,403826,Transfer,2024-01-29 14:36
TXN0128,MKT003,TR002,Sadiya,Beans,13,45578,POS,2024-02-25 18:08
TXN0129,MKT004,TR001,Mama Nkechi,Rice,16,556848,Cash,2024-02-16 08:36
TXN0130,MKT003,TR015,Sadiya,Tomatoes,4,133096,Transfer,2024-03-26 09:36
TXN0131,MKT005,TR016,Sadiya,Tomatoes,17,602242,Transfer,2024-02-23 09:02
TXN0132,MKT004,TR006,Alhaji Musa,Tomatoes,2,16188,Transfer,2024-01-21 10:31
TXN0133,MKT003,TR004,Chinedu,Rice,19,243276,Cash,2024-01-14 09:56
TXN0134,MKT003,TR011,Sadiya,Yam,20,283400,Transfer,2024-01-15 18:02
TXN0135,MKT001,TR012,Chinedu,Beans,12,97440,POS,2024-02-23 09:59
TXN0136,MKT003,TR014,SADIYA,Yam,16,784208,Cash,2024-03-24 12:21
TXN0137,MKT005,TR020,MAMA NKECHI,Gari,14,559160,Cash,2024-03-07 17:30
TXN0138,MKT003,TR015,BELLO,Gari,12,537480,Cash,2024-01-27 12:34
TXN0139,MKT002,TR017,Sadiya,Yam,6,240396,POS,2024-01-17 11:59
TXN0140,MKT001,TR009,ALHAJI MUSA,Gari,2,14804,Transfer,2024-03-18 15:48
TXN0141,MKT004,TR002,Chinedu,Rice,3,116658,Transfer,2024-02-27 10:52
TXN0142,MKT003,TR012,ALHAJI MUSA,Tomatoes,8,195976,Transfer,2024-03-10 17:52
TXN0143,MKT005,TR011,SADIYA,Gari,2,79580,Transfer,2024-01-16 13:26
TXN0144,MKT003,TR003,Mama Nkechi,Beans,16,516080,Cash,2024-01-30 10:35
TXN0145,MKT002,TR018,Mama Nkechi,Gari,20,71920,Transfer,2024-02-19 17:08
TXN0146,MKT002,TR016,ALHAJI MUSA,Gari,2,12664,Transfer,2024-01-17 16:04
TXN0147,MKT003,TR011,Mama Nkechi,Yam,15,26025,Cash,2024-01-03 13:14
TXN0148,MKT005,TR003,Sadiya,Beans,3,15303,Transfer,2024-01-19 16:04
TXN0149,MKT002,TR004,MAMA NKECHI,Yam,1,38778,Cash,2024-02-10 16:45
TXN0150,MKT002,TR004,Chinedu,Beans,3,49743,Transfer,2024-01-12 16:58
TXN0151,MKT001,TR019,Alhaji Musa,Beans,11,207922,Cash,2024-02-05 12:03
TXN0152,MKT002,TR012,SADIYA,Gari,14,109676,Transfer,2024-03-18 17:13
TXN0153,MKT004,TR009,Bello,Rice,12,269388,Transfer,2024-02-03 09:43
TXN0154,MKT005,TR007,Sadiya,Gari,4,174828,Cash,2024-01-12 15:04
TXN0155,MKT004,TR012,Bello,Beans,13,21398,Transfer,2024-01-07 17:59
TXN0156,MKT001,TR015,SADIYA,Yam,9,308925,Cash,2024-02-08 13:04
TXN0157,MKT003,TR012,MAMA NKECHI,Beans,12,282060,Cash,2024-03-05 12:16
TXN0158,MKT001,TR003,Bello,Beans,1,21946,Transfer,2024-02-03 13:30
TXN0159,MKT001,TR005,CHINEDU,Beans,2,90524,Cash,2024-02-13 09:12
TXN0160,MKT001,TR006,Alhaji Musa,Tomatoes,11,487355,Transfer,2024-02-12 12:18
TXN0161,MKT004,TR005,Bello,Beans,4,8416,POS,2024-01-20 13:12
TXN0162,MKT005,TR013,Mama Nkechi,Beans,14,103418,POS,2024-01-14 15:55
TXN0163,MKT004,TR006,Bello,Rice,4,80072,POS,2024-03-28 15:37
TXN0164,MKT001,TR005,Alhaji Musa,Rice,2,77732,POS,2024-01-28 11:08
TXN0165,MKT005,TR003,SADIYA,Yam,4,21204,Cash,2024-01-04 18:55
TXN0166,MKT001,TR013,Alhaji Musa,Rice,7,127323,POS,2024-01-27 08:58
TXN0167,MKT005,TR018,SADIYA,Yam,20,22800,Transfer,2024-02-14 14:00
TXN0168,MKT004,TR007,MAMA NKECHI,Beans,7,277109,POS,2024-03-30 12:03
TXN0169,MKT002,TR007,Mama Nkechi,Gari,5,216770,Transfer,2024-01-23 18:16
TXN0170,MKT001,TR011,Alhaji Musa,Rice,5,45455,POS,2024-01-27 15:03
TXN0171,MKT005,TR006,Alhaji Musa,Rice,10,236110,Transfer,2024-01-11 12:59
TXN0172,MKT005,TR010,CHINEDU,Tomatoes,9,396450,Cash,2024-01-21 11:34
TXN0173,MKT001,TR003,Chinedu,Yam,5,115775,POS,2024-02-19 11:19
TXN0174,MKT004,TR014,MAMA NKECHI,Tomatoes,12,269604,POS,2024-02-19 12:47
TXN0175,MKT005,TR008,Chinedu,Tomatoes,17,579377,POS,2024-02-27 16:20
TXN0176,MKT001,TR006,BELLO,Beans,17,766377,POS,2024-02-07 10:42
TXN0177,MKT005,TR012,Alhaji Musa,Beans,17,516290,Transfer,2024-01-04 14:32
TXN0178,MKT001,TR009,Mama Nkechi,Gari,3,13068,Transfer,2024-03-07 16:48
TXN0179,MKT005,TR016,Bello,Yam,16,201808,Cash,2024-03-03 11:16
TXN0180,MKT004,TR005,Sadiya,Yam,16,59488,Transfer,2024-01-18 14:04
TXN0181,MKT001,TR001,Alhaji Musa,Yam,5,186560,POS,2024-01-03 14:23
TXN0182,MKT005,TR006,Sadiya,Yam,10,126730,Cash,2024-03-23 08:44
TXN0183,MKT001,TR006,MAMA NKECHI,Gari,7,87528,Transfer,2024-01-24 17:07
TXN0184,MKT004,TR005,ALHAJI MUSA,Gari,7,85358,POS,2024-03-09 11:57
TXN0185,MKT004,TR019,Alhaji Musa,Tomatoes,8,357584,Cash,2024-01-27 17:23
TXN0186,MKT003,TR019,Bello,Gari,3,80043,Transfer,2024-01-21 10:00
TXN0187,MKT001,TR016,Sadiya,Yam,9,247194,POS,2024-01-14 17:01
TXN0188,MKT004,TR004,MAMA NKECHI,Beans,14,662858,POS,2024-03-26 17:16
TXN0189,MKT001,TR007,Bello,Yam,7,228312,Transfer,2024-02-26 12:08
TXN0190,MKT003,TR010,Mama Nkechi,Yam,9,250749,Transfer,2024-02-17 16:07
TXN0191,MKT003,TR009,Alhaji Musa,Beans,10,338050,POS,2024-01-27 12:46
TXN0192,MKT002,TR017,Bello,Gari,4,122156,POS,2024-01-03 08:48
TXN0193,MKT001,TR010,Alhaji Musa,Beans,8,125512,POS,2024-02-13 15:52
TXN0194,MKT005,TR002,SADIYA,Beans,12,420264,Transfer,2024-01-27 13:22
TXN0195,MKT003,TR011,Mama Nkechi,Tomatoes,8,220576,Cash,2024-01-06 09:00
TXN0196,MKT002,TR019,Bello,Rice,16,377840,POS,2024-02-03 09:03
TXN0197,MKT002,TR003,Bello,Yam,20,550700,POS,2024-03-17 09:52
TXN0198,MKT002,TR016,CHINEDU,Beans,4,62420,POS,2024-01-19 14:32
TXN0199,MKT004,TR018,BELLO,Gari,10,210060,POS,2024-02-20 09:57
TXN0200,MKT004,TR017,Sadiya,Tomatoes,5,234285,Cash,2024-01-31 16:02
TXN0201,MKT001,TR012,Chinedu,Rice,13,172198,POS,2024-02-17 13:58
TXN0202,MKT005,TR008,Mama Nkechi,Rice,6,191094,POS,2024-02-14 17:29
TXN0203,MKT002,TR005,Sadiya,Rice,2,51010,Cash,2024-01-26 14:36
TXN0204,MKT002,TR007,Mama Nkechi,Rice,18,471780,POS,2024-01-04 08:01
TXN0205,MKT001,TR014,ALHAJI MUSA,Gari,17,548862,Transfer,2024-02-28 08:40
TXN0206,MKT003,TR015,Bello,Gari,19,305824,Cash,2024-02-19 18:40
TXN0207,MKT001,TR009,Alhaji Musa,Yam,19,66006,Cash,2024-03-02 08:04
TXN0208,MKT005,TR020,Alhaji Musa,Tomatoes,17,364038,Cash,2024-02-04 12:20
TXN0209,MKT003,TR007,Alhaji Musa,Yam,11,115632,Cash,2024-02-05 18:51
TXN0210,MKT005,TR006,Sadiya,Gari,10,468060,Cash,2024-02-16 18:54
TXN0211,MKT001,TR007,Bello,Tomatoes,13,600613,POS,2024-03-26 14:17
TXN0212,MKT001,TR018,Mama Nkechi,Tomatoes,8,221728,Cash,2024-03-05 18:14
TXN0213,MKT001,TR009,BELLO,Beans,15,580290,Cash,2024-01-23 14:11
TXN0214,MKT004,TR004,ALHAJI MUSA,Yam,10,169770,POS,2024-01-18 17:00
TXN0215,MKT001,TR011,Bello,Gari,18,756342,Cash,2024-02-27 14:01
TXN0216,MKT005,TR012,SADIYA,Yam,12,293124,POS,2024-03-03 18:16
TXN0217,MKT003,TR010,ALHAJI MUSA,Rice,17,687531,POS,2024-01-23 18:22
TXN0218,MKT005,TR010,Chinedu,Gari,2,67942,Cash,2024-01-13 16:08
TXN0219,MKT003,TR001,Bello,Rice,16,285568,Transfer,2024-03-29 13:06
TXN0220,MKT001,TR002,Bello,Rice,10,431690,Transfer,2024-03-03 14:20
TXN0221,MKT002,TR018,CHINEDU,Yam,7,332290,Cash,2024-01-24 08:05
TXN0222,MKT003,TR011,SADIYA,Gari,7,329868,Cash,2024-03-10 08:28
TXN0223,MKT004,TR010,ALHAJI MUSA,Gari,7,327831,Cash,2024-03-07 12:58
TXN0224,MKT002,TR014,ALHAJI MUSA,Rice,20,96560,Cash,2024-01-03 10:19
TXN0225,MKT004,TR019,Mama Nkechi,Yam,9,89433,Cash,2024-03-30 16:50
TXN0226,MKT002,TR002,MAMA NKECHI,Yam,1,37938,Cash,2024-01-24 13:34
TXN0227,MKT002,TR008,Mama Nkechi,Rice,16,536352,Transfer,2024-01-02 16:27
TXN0228,MKT005,TR017,SADIYA,Yam,8,20720,POS,2024-01-12 17:10
TXN0229,MKT003,TR001,Bello,Yam,14,101962,POS,2024-03-12 09:12
TXN0230,MKT005,TR020,Bello,Yam,19,415131,Cash,2024-02-03 13:07
TXN0231,MKT002,TR014,Bello,Rice,12,54192,Cash,2024-01-25 08:27
TXN0232,MKT002,TR019,Mama Nkechi,Beans,6,187740,Cash,2024-02-23 12:34
TXN0233,MKT003,TR011,Sadiya,Beans,9,438552,Transfer,2024-03-07 11:24
TXN0234,MKT004,TR011,CHINEDU,Tomatoes,15,654885,Cash,2024-01-26 12:50
TXN0235,MKT005,TR019,Alhaji Musa,Gari,10,454720,Transfer,2024-03-29 08:07
TXN0236,MKT003,TR017,Alhaji Musa,Beans,14,36526,POS,2024-02-08 13:26
TXN0237,MKT003,TR019,Sadiya,Beans,11,60412,Cash,2024-01-03 12:56
TXN0238,MKT003,TR017,BELLO,Beans,1,5161,POS,2024-01-20 13:33
TXN0239,MKT003,TR009,MAMA NKECHI,Yam,8,244208,Transfer,2024-03-14 13:30
TXN0240,MKT003,TR013,Mama Nkechi,Yam,13,118443,POS,2024-03-11 17:56
TXN0241,MKT001,TR005,Mama Nkechi,Tomatoes,4,52416,Cash,2024-01-18 14:14
TXN0242,MKT004,TR012,Alhaji Musa,Gari,15,450165,POS,2024-02-22 16:21
TXN0243,MKT002,TR020,CHINEDU,Beans,11,260700,Transfer,2024-01-06 09:35
TXN0244,MKT004,TR019,Chinedu,Yam,4,187964,POS,2024-01-18 12:30
TXN0245,MKT004,TR012,CHINEDU,Gari,4,153360,Cash,2024-03-02 16:35
TXN0246,MKT003,TR009,MAMA NKECHI,Gari,2,16520,Cash,2024-01-19 12:23
TXN0247,MKT003,TR015,Bello,Rice,6,261732,Cash,2024-03-10 10:38
TXN0248,MKT003,TR019,SADIYA,Yam,3,125037,Cash,2024-03-17 13:32
TXN0249,MKT001,TR020,BELLO,Yam,7,165144,Transfer,2024-03-06 18:21
TXN0250,MKT003,TR007,Mama Nkechi,Gari,15,123390,Transfer,2024-01-13 17:59
TXN0251,MKT003,TR016,SADIYA,Beans,4,87112,Cash,2024-02-13 12:08
TXN0252,MKT001,TR006,CHINEDU,Rice,13,262340,POS,2024-03-15 16:49
TXN0253,MKT002,TR012,BELLO,Gari,2,15914,Cash,2024-03-19 17:56
TXN0254,MKT005,TR014,CHINEDU,Gari,10,486680,POS,2024-02-10 08:38
TXN0255,MKT005,TR009,SADIYA,Rice,15,137250,POS,2024-03-07 08:29
TXN0256,MKT004,TR017,Sadiya,Tomatoes,7,190638,POS,2024-01-30 09:15
TXN0257,MKT002,TR008,MAMA NKECHI,Beans,12,586776,Transfer,2024-03-08 16:28
TXN0258,MKT002,TR012,SADIYA,Tomatoes,16,184560,Transfer,2024-01-10 10:00
TXN0259,MKT003,TR006,Bello,Yam,20,842340,POS,2024-03-04 13:15
TXN0260,MKT002,TR005,Bello,Tomatoes,4,149348,Transfer,2024-02-02 14:05
TXN0261,MKT005,TR002,Alhaji Musa,Rice,19,639255,Cash,2024-03-18 18:08
TXN0262,MKT004,TR001,Alhaji Musa,Tomatoes,10,207760,POS,2024-01-20 14:38
TXN0263,MKT004,TR007,Alhaji Musa,Beans,13,76271,Transfer,2024-01-04 13:05
TXN0264,MKT001,TR002,Mama Nkechi,Tomatoes,4,147340,POS,2024-01-13 16:02
TXN0265,MKT004,TR003,Bello,Beans,5,52965,Cash,2024-02-24 17:04
TXN0266,MKT002,TR007,Bello,Rice,16,470864,Transfer,2024-03-12 18:05
TXN0267,MKT003,TR001,ALHAJI MUSA,Gari,7,206045,Transfer,2024-01-22 17:06
TXN0268,MKT003,TR002,CHINEDU,Yam,16,267824,Cash,2024-03-22 11:11
TXN0269,MKT003,TR006,ALHAJI MUSA,Gari,10,302950,Transfer,2024-03-24 13:19
TXN0270,MKT002,TR012,Sadiya,Gari,2,53402,POS,2024-03-19 09:09
TXN0271,MKT003,TR017,Chinedu,Beans,6,198366,Cash,2024-03-11 13:42
TXN0272,MKT002,TR002,Alhaji Musa,Yam,18,284004,Cash,2024-03-05 13:43
TXN0273,MKT003,TR012,Mama Nkechi,Yam,10,200980,POS,2024-01-06 12:24
TXN0274,MKT005,TR009,Alhaji Musa,Tomatoes,5,186515,Cash,2024-03-03 14:50
TXN0275,MKT005,TR001,CHINEDU,Yam,5,118460,Cash,2024-03-05 17:29
TXN0276,MKT003,TR016,MAMA NKECHI,Rice,12,461952,Cash,2024-02-20 18:31
TXN0277,MKT003,TR008,Mama Nkechi,Rice,20,133980,Transfer,2024-02-16 08:11
TXN0278,MKT003,TR011,Bello,Rice,12,97188,POS,2024-01-19 12:48
TXN0279,MKT001,TR006,Chinedu,Rice,4,95348,POS,2024-01-18 13:06
TXN0280,MKT003,TR015,Bello,Beans,1,37458,POS,2024-01-25 17:05
TXN0281,MKT001,TR016,ALHAJI MUSA,Tomatoes,1,4312,Cash,2024-02-11 17:51
TXN0282,MKT004,TR020,Bello,Tomatoes,12,595272,Cash,2024-02-06 10:07
TXN0283,MKT003,TR009,Alhaji Musa,Beans,19,29146,POS,2024-02-12 11:46
TXN0284,MKT004,TR011,Bello,Yam,10,448010,Transfer,2024-03-23 09:26
TXN0285,MKT004,TR004,Chinedu,Yam,1,4458,Cash,2024-02-01 16:05
TXN0286,MKT004,TR009,MAMA NKECHI,Beans,15,442590,Cash,2024-02-24 11:27
TXN0287,MKT001,TR011,ALHAJI MUSA,Rice,5,224965,Cash,2024-03-18 17:17
TXN0288,MKT003,TR012,Sadiya,Rice,7,101311,POS,2024-03-03 16:41
TXN0289,MKT004,TR019,Bello,Gari,12,206604,POS,2024-03-26 13:39
TXN0290,MKT001,TR013,Bello,Yam,14,532028,Cash,2024-03-08 09:24
TXN0291,MKT004,TR008,SADIYA,Tomatoes,13,259142,Cash,2024-02-04 15:27
TXN0292,MKT005,TR016,Sadiya,Yam,17,389079,Transfer,2024-02-07 12:38
TXN0293,MKT004,TR005,BELLO,Tomatoes,7,307468,Cash,2024-01-05 15:02
TXN0294,MKT005,TR019,CHINEDU,Yam,11,282447,Transfer,2024-02-09 18:04
TXN0295,MKT003,TR005,Alhaji Musa,Rice,11,388553,Cash,2024-02-28 10:52
TXN0296,MKT003,TR019,Mama Nkechi,Gari,13,45916,POS,2024-02-11 15:06
TXN0297,MKT004,TR011,ALHAJI MUSA,Beans,16,262320,POS,2024-03-10 17:15
TXN0298,MKT002,TR011,SADIYA,Yam,15,440715,POS,2024-02-29 15:55
TXN0299,MKT005,TR001,Alhaji Musa,Beans,12,148272,Transfer,2024-03-25 12:28
TXN0300,MKT003,TR004,BELLO,Gari,13,530790,Cash,2024-01-22 13:23
TXN0301,MKT002,TR005,Sadiya,Beans,2,47542,Transfer,2024-03-08 15:16
TXN0302,MKT005,TR018,Chinedu,Beans,5,249295,Transfer,2024-01-02 18:02
TXN0303,MKT001,TR014,MAMA NKECHI,Tomatoes,18,721656,Cash,2024-01-24 11:30
TXN0304,MKT004,TR001,MAMA NKECHI,Beans,10,467550,Cash,2024-03-04 11:13
TXN0305,MKT005,TR011,Bello,Yam,18,165744,Cash,2024-01-20 15:17
TXN0306,MKT001,TR017,Chinedu,Gari,10,370290,Transfer,2024-02-12 11:44
TXN0307,MKT004,TR007,Sadiya,Beans,1,19960,POS,2024-02-24 18:14
TXN0308,MKT004,TR009,Bello,Tomatoes,3,17307,Transfer,2024-02-20 14:45
TXN0309,MKT005,TR003,Sadiya,Yam,15,104880,Transfer,2024-01-29 09:44
TXN0310,MKT001,TR002,Mama Nkechi,Rice,15,368265,Transfer,2024-01-18 17:50
TXN0311,MKT001,TR009,Mama Nkechi,Rice,3,76134,Transfer,2024-02-14 16:11
TXN0312,MKT002,TR009,Mama Nkechi,Beans,10,469350,Transfer,2024-01-31 13:47
TXN0313,MKT003,TR019,Alhaji Musa,Gari,5,163045,POS,2024-01-10 10:00
TXN0314,MKT004,TR002,Mama Nkechi,Rice,4,14896,Transfer,2024-01-14 17:24
TXN0315,MKT001,TR015,Chinedu,Beans,6,246198,POS,2024-01-10 13:40
TXN0316,MKT004,TR005,Mama Nkechi,Gari,7,324415,Cash,2024-01-13 17:34
TXN0317,MKT003,TR008,CHINEDU,Tomatoes,5,194190,POS,2024-03-16 10:12
TXN0318,MKT003,TR019,Mama Nkechi,Rice,17,105587,POS,2024-01-22 16:02
TXN0319,MKT001,TR020,SADIYA,Yam,5,150735,POS,2024-02-02 13:57
TXN0320,MKT003,TR017,ALHAJI MUSA,Gari,7,46431,Transfer,2024-02-11 16:40
TXN0321,MKT002,TR018,MAMA NKECHI,Yam,1,30369,Transfer,2024-01-14 17:07
TXN0322,MKT002,TR013,Alhaji Musa,Gari,9,217008,Transfer,2024-03-27 18:52
TXN0323,MKT001,TR011,Sadiya,Yam,7,30037,Transfer,2024-02-03 10:01
TXN0324,MKT003,TR001,SADIYA,Beans,5,239325,POS,2024-03-30 12:35
TXN0325,MKT002,TR020,Alhaji Musa,Rice,9,386577,Transfer,2024-03-08 12:51
TXN0326,MKT003,TR003,Chinedu,Gari,19,41192,POS,2024-03-07 10:12
TXN0327,MKT005,TR011,MAMA NKECHI,Rice,10,26540,Transfer,2024-02-28 08:47
TXN0328,MKT004,TR013,Chinedu,Rice,4,3832,POS,2024-01-15 17:06
TXN0329,MKT005,TR009,Alhaji Musa,Tomatoes,20,66240,Cash,2024-03-13 14:58
TXN0330,MKT005,TR011,Sadiya,Rice,15,589950,POS,2024-01-30 15:38
TXN0331,MKT005,TR017,Alhaji Musa,Tomatoes,5,83345,POS,2024-01-01 15:50
TXN0332,MKT005,TR011,Sadiya,Tomatoes,9,430812,POS,2024-03-19 18:21
TXN0333,MKT001,TR003,SADIYA,Yam,11,63943,POS,2024-01-05 10:38
TXN0334,MKT002,TR012,CHINEDU,Gari,9,229968,Cash,2024-03-07 10:09
TXN0335,MKT001,TR011,MAMA NKECHI,Yam,16,398000,Transfer,2024-01-15 18:46
TXN0336,MKT001,TR020,Chinedu,Beans,13,49751,Cash,2024-01-21 14:26
TXN0337,MKT002,TR019,SADIYA,Beans,18,329310,Transfer,2024-02-11 17:48
TXN0338,MKT005,TR004,CHINEDU,Tomatoes,20,793960,Transfer,2024-02-25 10:52
TXN0339,MKT003,TR002,Mama Nkechi,Gari,15,157395,Transfer,2024-02-20 16:04
TXN0340,MKT002,TR004,Mama Nkechi,Rice,18,142560,Cash,2024-01-08 10:45
TXN0341,MKT004,TR009,Bello,Yam,19,700815,POS,2024-01-28 14:17
TXN0342,MKT005,TR016,BELLO,Yam,14,654864,POS,2024-02-19 16:51
TXN0343,MKT005,TR008,MAMA NKECHI,Beans,18,825408,Cash,2024-02-02 08:05
TXN0344,MKT001,TR003,Mama Nkechi,Yam,6,175452,Transfer,2024-03-20 18:55
TXN0345,MKT004,TR020,CHINEDU,Beans,6,175656,Cash,2024-01-12 10:40
TXN0346,MKT001,TR011,BELLO,Gari,15,747900,POS,2024-03-01 09:18
TXN0347,MKT005,TR007,Bello,Rice,1,37854,Cash,2024-03-17 11:21
TXN0348,MKT001,TR011,Mama Nkechi,Tomatoes,14,625590,POS,2024-03-11 15:24
TXN0349,MKT005,TR010,Chinedu,Yam,7,8148,POS,2024-01-05 13:30
TXN0350,MKT005,TR009,Sadiya,Yam,17,556053,Transfer,2024-01-25 08:34
TXN0351,MKT001,TR001,Alhaji Musa,Tomatoes,10,348580,Transfer,2024-03-26 11:27
TXN0352,MKT004,TR012,CHINEDU,Gari,14,153384,Cash,2024-03-08 16:42
TXN0353,MKT005,TR010,Bello,Rice,2,67392,POS,2024-01-02 15:40
TXN0354,MKT004,TR016,SADIYA,Yam,15,639345,POS,2024-03-01 15:55
TXN0355,MKT003,TR002,BELLO,Tomatoes,14,96432,POS,2024-02-19 13:14
TXN0356,MKT001,TR019,Sadiya,Rice,12,484644,Transfer,2024-01-28 12:44
TXN0357,MKT003,TR018,BELLO,Rice,10,258740,Cash,2024-01-23 11:48
TXN0358,MKT002,TR016,Chinedu,Beans,15,222585,Transfer,2024-02-09 12:52
TXN0359,MKT002,TR020,CHINEDU,Tomatoes,12,506856,Transfer,2024-01-02 09:07
TXN0360,MKT005,TR007,Sadiya,Rice,12,513528,Cash,2024-02-05 14:53
TXN0361,MKT005,TR007,Chinedu,Beans,19,86336,Transfer,2024-01-24 14:35
TXN0362,MKT001,TR004,ALHAJI MUSA,Yam,15,58500,Cash,2024-02-25 08:45
TXN0363,MKT004,TR010,SADIYA,Yam,15,454800,Cash,2024-02-12 17:40
TXN0364,MKT001,TR002,Chinedu,Yam,15,613515,Cash,2024-02-11 11:41
TXN0365,MKT003,TR006,Alhaji Musa,Yam,9,301014,POS,2024-02-11 08:59
TXN0366,MKT003,TR017,Bello,Gari,15,106065,Cash,2024-01-23 18:39
TXN0367,MKT005,TR001,Bello,Tomatoes,15,735495,POS,2024-03-19 09:50
TXN0368,MKT002,TR005,Bello,Gari,1,9016,POS,2024-03-20 09:36
TXN0369,MKT004,TR004,Chinedu,Gari,3,89151,Transfer,2024-02-21 11:02
TXN0370,MKT005,TR007,Bello,Rice,19,209570,POS,2024-02-18 14:45
TXN0371,MKT004,TR017,Chinedu,Yam,3,101211,Transfer,2024-01-19 16:07
TXN0372,MKT001,TR018,Mama Nkechi,Tomatoes,13,45682,Transfer,2024-03-24 09:37
TXN0373,MKT005,TR013,Bello,Rice,1,975,POS,2024-01-03 11:46
TXN0374,MKT002,TR001,Alhaji Musa,Rice,15,221160,Cash,2024-03-15 10:50
TXN0375,MKT004,TR009,Mama Nkechi,Beans,5,11150,Cash,2024-02-03 15:48
TXN0376,MKT004,TR011,Bello,Gari,7,211057,POS,2024-03-30 17:14
TXN0377,MKT001,TR020,SADIYA,Gari,19,240350,Cash,2024-01-14 12:12
TXN0378,MKT004,TR003,CHINEDU,Rice,3,66804,Cash,2024-03-25 18:54
TXN0379,MKT005,TR006,Chinedu,Beans,15,144405,Cash,2024-01-02 13:52
TXN0380,MKT001,TR002,Alhaji Musa,Rice,2,5060,Transfer,2024-01-18 17:01
TXN0381,MKT003,TR014,Alhaji Musa,Yam,3,69504,POS,2024-03-25 10:24
TXN0382,MKT002,TR013,CHINEDU,Tomatoes,14,341222,POS,2024-02-19 15:33
TXN0383,MKT004,TR004,Mama Nkechi,Tomatoes,12,335640,Transfer,2024-02-05 09:14
TXN0384,MKT002,TR014,Mama Nkechi,Yam,11,522566,Cash,2024-03-14 08:21
TXN0385,MKT005,TR017,CHINEDU,Rice,2,33484,POS,2024-03-14 08:44
TXN0386,MKT003,TR010,Alhaji Musa,Beans,17,550324,Cash,2024-01-23 11:49
TXN0387,MKT005,TR001,Mama Nkechi,Tomatoes,7,212751,Cash,2024-03-16 17:35
TXN0388,MKT003,TR005,Chinedu,Yam,13,213785,POS,2024-02-18 15:28
TXN0389,MKT002,TR002,Sadiya,Rice,10,387140,POS,2024-02-20 14:50
TXN0390,MKT001,TR019,Sadiya,Beans,12,77868,Cash,2024-01-18 11:35
TXN0391,MKT001,TR005,Bello,Gari,5,66755,Cash,2024-01-25 08:18
TXN0392,MKT005,TR014,Alhaji Musa,Gari,14,590968,POS,2024-01-03 11:20
TXN0393,MKT005,TR016,Alhaji Musa,Yam,19,493183,Cash,2024-02-12 15:56
TXN0394,MKT001,TR013,Chinedu,Rice,6,267084,Cash,2024-02-20 10:37
TXN0395,MKT005,TR005,Alhaji Musa,Tomatoes,19,741019,Cash,2024-03-02 14:14
TXN0396,MKT003,TR020,ALHAJI MUSA,Tomatoes,4,102348,Transfer,2024-03-10 08:12
TXN0397,MKT001,TR006,Alhaji Musa,Beans,8,160864,Transfer,2024-02-14 10:51
TXN0398,MKT003,TR016,MAMA NKECHI,Rice,2,99426,POS,2024-02-13 13:44
TXN0399,MKT002,TR001,Alhaji Musa,Beans,19,249717,Cash,2024-03-08 18:04
TXN0400,MKT002,TR013,Bello,Yam,9,266085,Transfer,2024-01-31 09:34
TXN0401,MKT004,TR008,ALHAJI MUSA,Yam,16,214496,Cash,2024-01-23 16:43
TXN0402,MKT005,TR019,Alhaji Musa,Yam,4,114044,Cash,2024-03-26 15:28
TXN0403,MKT002,TR020,BELLO,Rice,13,579098,POS,2024-02-11 13:57
TXN0404,MKT004,TR007,Chinedu,Tomatoes,8,354968,POS,2024-01-01 08:51
TXN0405,MKT003,TR001,Bello,Gari,5,169280,Cash,2024-03-06 11:13
TXN0406,MKT002,TR002,Chinedu,Yam,20,628600,Cash,2024-02-17 10:31
TXN0407,MKT003,TR017,MAMA NKECHI,Rice,1,41117,Transfer,2024-02-10 13:20
TXN0408,MKT001,TR019,MAMA NKECHI,Beans,19,174762,Transfer,2024-01-11 15:24
TXN0409,MKT002,TR006,Chinedu,Yam,13,222937,Transfer,2024-02-21 18:30
TXN0410,MKT005,TR020,Alhaji Musa,Tomatoes,20,725880,Transfer,2024-02-22 17:59
TXN0411,MKT003,TR017,Bello,Yam,13,454519,Transfer,2024-03-15 08:43
TXN0412,MKT003,TR018,Bello,Rice,19,227487,Cash,2024-03-05 11:31
TXN0413,MKT004,TR018,Bello,Yam,6,39570,Transfer,2024-02-06 09:06
TXN0414,MKT004,TR005,Sadiya,Beans,11,41437,POS,2024-02-06 14:08
TXN0415,MKT001,TR001,Sadiya,Yam,18,483300,POS,2024-02-12 10:34
TXN0416,MKT005,TR007,BELLO,Beans,18,435492,Cash,2024-03-05 12:07
TXN0417,MKT002,TR003,SADIYA,Tomatoes,9,132102,Transfer,2024-01-09 17:26
TXN0418,MKT001,TR018,Mama Nkechi,Gari,5,50775,Transfer,2024-03-01 12:36
TXN0419,MKT003,TR018,BELLO,Rice,3,72960,POS,2024-01-16 08:58
TXN0420,MKT001,TR009,Alhaji Musa,Gari,17,744634,Transfer,2024-02-11 16:24
TXN0421,MKT001,TR008,Chinedu,Tomatoes,3,30822,POS,2024-01-02 13:45
TXN0422,MKT002,TR006,BELLO,Rice,7,204414,POS,2024-01-05 18:26
TXN0423,MKT004,TR007,SADIYA,Rice,20,459860,POS,2024-03-06 12:07
TXN0424,MKT001,TR016,Alhaji Musa,Gari,19,629584,Transfer,2024-03-27 13:05
TXN0425,MKT002,TR019,Mama Nkechi,Beans,4,147532,Transfer,2024-02-07 09:40
TXN0426,MKT005,TR003,Sadiya,Rice,1,32481,POS,2024-02-03 13:21
TXN0427,MKT001,TR008,Sadiya,Gari,16,556128,Cash,2024-01-16 10:14
TXN0428,MKT001,TR014,Sadiya,Beans,4,139044,Cash,2024-02-29 18:02
TXN0429,MKT003,TR014,Bello,Beans,3,60441,Cash,2024-02-23 10:43
TXN0430,MKT001,TR006,Alhaji Musa,Beans,19,882360,Cash,2024-03-18 13:41
TXN0431,MKT002,TR019,Sadiya,Rice,11,389180,Transfer,2024-03-27 10:15
TXN0432,MKT001,TR018,Sadiya,Gari,18,865008,POS,2024-01-02 11:39
TXN0433,MKT003,TR007,ALHAJI MUSA,Gari,2,95062,Transfer,2024-03-26 12:51
TXN0434,MKT002,TR003,Mama Nkechi,Yam,4,156992,POS,2024-01-01 13:59
TXN0435,MKT005,TR009,Sadiya,Gari,16,463376,Transfer,2024-03-29 14:51
TXN0436,MKT005,TR017,CHINEDU,Gari,13,237029,POS,2024-01-26 09:31
TXN0437,MKT001,TR018,SADIYA,Gari,12,152496,Cash,2024-01-02 17:24
TXN0438,MKT004,TR020,Chinedu,Rice,8,235912,Transfer,2024-03-18 17:04
TXN0439,MKT002,TR011,Sadiya,Tomatoes,18,287820,Cash,2024-02-14 17:51
TXN0440,MKT002,TR018,Bello,Gari,18,896760,Cash,2024-01-11 18:02
TXN0441,MKT004,TR008,BELLO,Gari,17,94010,POS,2024-02-05 13:09
TXN0442,MKT001,TR008,MAMA NKECHI,Gari,17,787219,Cash,2024-01-21 18:52
TXN0443,MKT001,TR015,Chinedu,Rice,7,337337,Transfer,2024-02-22 13:01
TXN0444,MKT004,TR009,Alhaji Musa,Beans,5,94585,POS,2024-03-28 10:29
TXN0445,MKT002,TR007,Alhaji Musa,Gari,14,488544,Transfer,2024-01-07 12:43
TXN0446,MKT005,TR019,Chinedu,Beans,19,563806,Cash,2024-03-21 08:12
TXN0447,MKT003,TR001,Bello,Gari,2,46180,Transfer,2024-03-14 13:03
TXN0448,MKT001,TR007,Mama Nkechi,Tomatoes,18,658242,POS,2024-02-05 14:54
TXN0449,MKT005,TR010,Mama Nkechi,Beans,1,22606,Transfer,2024-01-26 17:14
TXN0450,MKT005,TR013,Chinedu,Rice,15,180540,Cash,2024-01-23 11:39
TXN0451,MKT005,TR009,Sadiya,Yam,20,132200,Transfer,2024-02-08 12:12
TXN0452,MKT002,TR013,Sadiya,Yam,17,241128,Transfer,2024-01-20 17:09
TXN0453,MKT005,TR013,Bello,Yam,3,51615,Cash,2024-02-14 10:29
TXN0454,MKT002,TR017,Sadiya,Rice,16,25056,POS,2024-03-20 17:46
TXN0455,MKT002,TR004,ALHAJI MUSA,Yam,6,168306,POS,2024-02-27 16:58
TXN0456,MKT001,TR006,Sadiya,Rice,4,171976,Transfer,2024-01-27 13:53
TXN0457,MKT003,TR011,SADIYA,Tomatoes,19,156104,Transfer,2024-03-27 13:59
TXN0458,MKT005,TR020,Bello,Rice,10,320420,POS,2024-02-12 14:23
TXN0459,MKT002,TR015,Bello,Yam,11,10417,Transfer,2024-01-16 17:41
TXN0460,MKT005,TR017,Chinedu,Tomatoes,12,412884,POS,2024-02-13 17:09
TXN0461,MKT003,TR017,MAMA NKECHI,Gari,11,511313,POS,2024-03-17 18:06
TXN0462,MKT004,TR013,Bello,Beans,5,9140,POS,2024-02-12 10:37
TXN0463,MKT004,TR012,Sadiya,Beans,14,594762,POS,2024-01-02 14:58
TXN0464,MKT005,TR003,Alhaji Musa,Rice,3,91998,Transfer,2024-01-09 15:47
TXN0465,MKT004,TR009,Chinedu,Gari,14,298452,POS,2024-03-14 08:43
TXN0466,MKT003,TR010,Mama Nkechi,Yam,20,306580,Cash,2024-02-23 17:24
TXN0467,MKT001,TR001,Alhaji Musa,Gari,1,7082,Transfer,2024-01-27 16:44
TXN0468,MKT003,TR012,CHINEDU,Beans,4,38900,Cash,2024-02-13 13:28
TXN0469,MKT005,TR003,MAMA NKECHI,Tomatoes,2,77544,Transfer,2024-02-15 14:26
TXN0470,MKT002,TR006,Chinedu,Rice,7,230293,Transfer,2024-03-13 17:35
TXN0471,MKT003,TR008,Bello,Rice,5,83695,POS,2024-03-11 09:41
TXN0472,MKT003,TR007,MAMA NKECHI,Tomatoes,8,168504,Transfer,2024-01-31 08:00
TXN0473,MKT005,TR001,BELLO,Tomatoes,4,154156,Transfer,2024-03-01 15:43
TXN0474,MKT004,TR018,BELLO,Gari,5,49190,Transfer,2024-03-23 14:19
TXN0475,MKT001,TR002,Chinedu,Rice,2,51442,POS,2024-02-20 15:56
TXN0476,MKT005,TR015,Chinedu,Rice,13,182390,POS,2024-03-19 11:58
TXN0477,MKT002,TR002,Sadiya,Gari,13,62621,POS,2024-03-23 17:08
TXN0478,MKT003,TR008,Chinedu,Beans,3,99585,Cash,2024-01-10 15:45
TXN0479,MKT003,TR011,Mama Nkechi,Beans,6,87384,Transfer,2024-03-14 13:34
TXN0480,MKT001,TR012,MAMA NKECHI,Rice,15,108420,Cash,2024-03-07 11:03
TXN0481,MKT005,TR002,SADIYA,Beans,15,745905,Cash,2024-02-20 10:07
TXN0482,MKT004,TR003,SADIYA,Yam,11,415976,Cash,2024-03-09 11:41
TXN0483,MKT002,TR007,Mama Nkechi,Yam,2,48044,POS,2024-01-05 14:11
TXN0484,MKT003,TR016,Mama Nkechi,Beans,10,55130,Cash,2024-03-27 12:04
TXN0485,MKT005,TR015,BELLO,Tomatoes,9,404244,Cash,2024-01-09 09:09
TXN0486,MKT003,TR006,Sadiya,Yam,13,444275,POS,2024-02-25 11:43
TXN0487,MKT003,TR008,Bello,Gari,9,352467,Cash,2024-03-01 09:16
TXN0488,MKT004,TR007,Alhaji Musa,Rice,6,252984,Transfer,2024-02-13 13:28
TXN0489,MKT001,TR005,SADIYA,Yam,12,482124,Transfer,2024-02-14 13:32
TXN0490,MKT003,TR013,Chinedu,Gari,12,176808,POS,2024-03-15 14:01
TXN0491,MKT005,TR002,Alhaji Musa,Beans,19,450376,Transfer,2024-02-21 13:53
TXN0492,MKT005,TR017,CHINEDU,Beans,13,483691,Transfer,2024-03-16 12:08
TXN0493,MKT001,TR002,Mama Nkechi,Yam,20,174240,POS,2024-03-03 09:57
TXN0494,MKT005,TR020,BELLO,Yam,5,75110,Transfer,2024-03-22 15:49
TXN0495,MKT004,TR009,Chinedu,Beans,2,56366,Transfer,2024-02-12 12:55
TXN0496,MKT004,TR014,Sadiya,Tomatoes,10,90210,Transfer,2024-02-10 18:03
TXN0497,MKT003,TR020,Chinedu,Beans,9,97434,POS,2024-02-09 16:51
TXN0498,MKT001,TR017,Alhaji Musa,Gari,20,60980,Transfer,2024-01-28 10:15
TXN0499,MKT002,TR004,Sadiya,Yam,3,29178,POS,2024-03-07 09:55
TXN0500,MKT001,TR020,Bello,Rice,7,29988,Cash,2024-03-19 10:30
TXN0501,MKT005,TR004,Sadiya,Tomatoes,1,36411,Cash,2024-03-01 13:01
TXN0502,MKT003,TR020,Alhaji Musa,Tomatoes,7,71050,Transfer,2024-03-30 08:05
TXN0503,MKT004,TR018,Alhaji Musa,Tomatoes,10,265330,Cash,2024-02-08 15:54
TXN0504,MKT003,TR012,Mama Nkechi,Beans,9,250794,POS,2024-03-17 16:56
TXN0505,MKT001,TR014,Bello,Gari,12,108240,Transfer,2024-02-20 15:43
TXN0506,MKT005,TR002,Chinedu,Tomatoes,16,463680,Cash,2024-03-07 12:21
TXN0507,MKT003,TR007,Alhaji Musa,Beans,13,114400,Transfer,2024-01-02 18:40
TXN0508,MKT005,TR017,Chinedu,Gari,2,50230,Transfer,2024-03-10 18:57
TXN0509,MKT005,TR002,Alhaji Musa,Beans,2,94234,Transfer,2024-03-04 14:04
TXN0510,MKT005,TR013,Alhaji Musa,Beans,12,547608,Cash,2024-02-22 08:46
TXN0511,MKT001,TR005,Mama Nkechi,Tomatoes,9,232155,Cash,2024-02-10 13:01
TXN0512,MKT005,TR002,Alhaji Musa,Tomatoes,7,209202,POS,2024-01-06 11:38
TXN0513,MKT002,TR009,Mama Nkechi,Beans,20,813340,POS,2024-03-29 10:34
TXN0514,MKT001,TR014,Mama Nkechi,Gari,10,210730,Transfer,2024-03-25 08:56
TXN0515,MKT001,TR005,Mama Nkechi,Rice,15,713190,Cash,2024-01-25 13:38
TXN0516,MKT003,TR017,Mama Nkechi,Gari,13,334802,Cash,2024-02-24 12:44
TXN0517,MKT004,TR003,Mama Nkechi,Beans,12,226008,Transfer,2024-02-21 18:03
TXN0518,MKT004,TR012,Mama Nkechi,Tomatoes,5,234170,Cash,2024-03-01 16:28
TXN0519,MKT003,TR011,Alhaji Musa,Gari,3,85617,Cash,2024-01-20 16:21
TXN0520,MKT001,TR004,SADIYA,Gari,10,71190,Cash,2024-02-28 12:52
TXN0521,MKT001,TR001,BELLO,Beans,15,33210,Transfer,2024-02-12 14:01
TXN0522,MKT003,TR012,ALHAJI MUSA,Rice,17,574787,Cash,2024-03-06 15:32
TXN0523,MKT004,TR015,Alhaji Musa,Rice,19,839458,Transfer,2024-02-08 18:01
TXN0524,MKT001,TR013,CHINEDU,Gari,4,130584,POS,2024-02-28 10:41
TXN0525,MKT001,TR013,MAMA NKECHI,Yam,2,92800,Cash,2024-01-20 16:25
TXN0526,MKT003,TR020,Sadiya,Rice,18,118044,POS,2024-02-18 10:22
TXN0527,MKT002,TR006,Alhaji Musa,Yam,20,350900,Transfer,2024-02-16 12:02
TXN0528,MKT005,TR004,Alhaji Musa,Yam,12,426048,Cash,2024-01-16 15:56
TXN0529,MKT004,TR015,Bello,Rice,11,500940,Cash,2024-01-22 10:30
TXN0530,MKT002,TR008,ALHAJI MUSA,Yam,18,190098,POS,2024-01-22 14:35
TXN0531,MKT002,TR014,Chinedu,Yam,18,114534,POS,2024-01-03 12:05
TXN0532,MKT004,TR018,Bello,Yam,9,210447,Cash,2024-01-01 08:04
TXN0533,MKT002,TR019,Alhaji Musa,Gari,16,284016,Cash,2024-01-12 11:21
TXN0534,MKT005,TR013,Mama Nkechi,Gari,8,368696,Transfer,2024-01-21 17:00
TXN0535,MKT005,TR009,Mama Nkechi,Beans,8,280352,Transfer,2024-01-06 16:04
TXN0536,MKT003,TR015,Chinedu,Gari,17,15844,Transfer,2024-01-08 08:16
TXN0537,MKT002,TR008,Bello,Rice,20,599160,Transfer,2024-03-03 09:54
TXN0538,MKT001,TR007,ALHAJI MUSA,Tomatoes,16,624928,Transfer,2024-01-04 12:13
TXN0539,MKT001,TR010,CHINEDU,Gari,17,82195,Cash,2024-01-20 08:02
TXN0540,MKT004,TR015,CHINEDU,Beans,16,22176,Cash,2024-01-08 15:36
TXN0541,MKT002,TR019,ALHAJI MUSA,Tomatoes,8,337176,POS,2024-02-29 10:55
TXN0542,MKT003,TR001,Chinedu,Yam,8,296928,POS,2024-03-29 09:52
TXN0543,MKT001,TR011,BELLO,Tomatoes,3,12048,POS,2024-03-09 12:08
TXN0544,MKT002,TR018,Alhaji Musa,Beans,18,537066,Cash,2024-02-06 10:22
TXN0545,MKT002,TR007,SADIYA,Gari,9,380448,Transfer,2024-03-29 17:36
TXN0546,MKT002,TR017,BELLO,Gari,11,86471,Cash,2024-01-18 12:27
TXN0547,MKT005,TR013,Sadiya,Tomatoes,11,499763,Cash,2024-01-31 15:47
TXN0548,MKT002,TR010,BELLO,Tomatoes,7,292474,Transfer,2024-01-26 16:08
TXN0549,MKT003,TR009,Sadiya,Beans,20,653560,Transfer,2024-01-24 14:31
TXN0550,MKT001,TR004,Mama Nkechi,Gari,2,66874,Cash,2024-01-26 15:46
TXN0551,MKT002,TR004,ALHAJI MUSA,Yam,11,501017,Cash,2024-02-25 12:07
TXN0552,MKT002,TR015,SADIYA,Gari,12,362280,Cash,2024-02-08 16:45
TXN0553,MKT003,TR001,Bello,Tomatoes,17,270045,Transfer,2024-03-26 18:13
TXN0554,MKT001,TR010,MAMA NKECHI,Tomatoes,18,482274,Cash,2024-03-26 12:02
TXN0555,MKT001,TR010,BELLO,Tomatoes,11,266464,POS,2024-03-24 13:23
TXN0556,MKT004,TR010,CHINEDU,Gari,7,48580,Transfer,2024-03-20 08:06
TXN0557,MKT001,TR006,BELLO,Gari,4,65952,Cash,2024-03-23 11:48
TXN0558,MKT005,TR012,Bello,Beans,12,524424,Transfer,2024-03-20 16:01
TXN0559,MKT001,TR003,Mama Nkechi,Rice,16,724272,Cash,2024-03-26 13:12
TXN0560,MKT003,TR009,Alhaji Musa,Beans,15,64050,Cash,2024-01-19 11:03
TXN0561,MKT005,TR004,MAMA NKECHI,Yam,20,630500,Transfer,2024-01-26 10:44
TXN0562,MKT002,TR001,SADIYA,Tomatoes,19,18183,POS,2024-03-10 16:54
TXN0563,MKT002,TR012,Chinedu,Beans,7,323904,Transfer,2024-01-29 17:25
TXN0564,MKT003,TR001,Chinedu,Rice,19,787170,Transfer,2024-02-08 17:16
TXN0565,MKT001,TR012,Chinedu,Gari,11,433774,Cash,2024-02-20 12:01
TXN0566,MKT005,TR014,Sadiya,Beans,1,21061,POS,2024-01-14 09:19
TXN0567,MKT002,TR001,Chinedu,Beans,13,114569,Cash,2024-01-17 14:11
TXN0568,MKT003,TR016,Sadiya,Tomatoes,17,757265,Transfer,2024-02-07 09:34
TXN0569,MKT001,TR003,Chinedu,Rice,2,94060,POS,2024-03-06 09:15
TXN0570,MKT002,TR017,Chinedu,Yam,7,200249,Transfer,2024-02-29 11:25
TXN0571,MKT002,TR008,Alhaji Musa,Gari,15,381840,Cash,2024-01-15 09:52
TXN0572,MKT004,TR001,BELLO,Tomatoes,19,817209,Transfer,2024-02-23 16:10
TXN0573,MKT001,TR006,Sadiya,Gari,9,109683,Transfer,2024-02-18 16:13
TXN0574,MKT002,TR007,Bello,Rice,8,323848,Transfer,2024-03-01 17:07
TXN0575,MKT001,TR006,Mama Nkechi,Yam,14,183540,Cash,2024-01-05 14:00
TXN0576,MKT001,TR002,Alhaji Musa,Beans,9,325044,POS,2024-01-13 09:59
TXN0577,MKT004,TR003,Chinedu,Tomatoes,1,4739,POS,2024-03-13 10:27
TXN0578,MKT001,TR016,BELLO,Rice,12,55872,POS,2024-03-16 12:53
TXN0579,MKT003,TR010,Bello,Tomatoes,14,451108,POS,2024-03-17 13:59
TXN0580,MKT002,TR003,Bello,Rice,5,37840,Transfer,2024-02-13 08:59
TXN0581,MKT004,TR010,Chinedu,Yam,2,44660,Cash,2024-02-26 09:52
TXN0582,MKT002,TR003,Mama Nkechi,Yam,1,19099,Transfer,2024-03-08 09:47
TXN0583,MKT003,TR012,Sadiya,Rice,19,663423,Transfer,2024-03-16 11:23
TXN0584,MKT004,TR016,Mama Nkechi,Tomatoes,12,36468,POS,2024-03-03 17:37
TXN0585,MKT004,TR019,Alhaji Musa,Tomatoes,15,89505,POS,2024-03-07 12:01
TXN0586,MKT004,TR003,Bello,Gari,17,181781,POS,2024-02-14 15:46
TXN0587,MKT005,TR015,Chinedu,Yam,18,558648,POS,2024-03-16 12:23
TXN0588,MKT001,TR018,Mama Nkechi,Tomatoes,18,806004,POS,2024-01-09 09:03
TXN0589,MKT001,TR017,CHINEDU,Beans,3,49605,Transfer,2024-02-09 12:05
TXN0590,MKT001,TR017,Bello,Yam,1,20434,POS,2024-01-21 12:19
TXN0591,MKT002,TR001,SADIYA,Gari,19,352203,Cash,2024-03-03 08:59
TXN0592,MKT003,TR012,Mama Nkechi,Yam,7,150115,Transfer,2024-01-26 17:44
TXN0593,MKT002,TR009,Chinedu,Beans,14,227934,POS,2024-01-30 16:27
TXN0594,MKT004,TR016,Bello,Rice,13,615680,Cash,2024-02-27 10:14
TXN0595,MKT001,TR019,Chinedu,Yam,10,444130,POS,2024-02-16 09:16
TXN0596,MKT001,TR020,ALHAJI MUSA,Yam,8,71344,Cash,2024-03-24 17:18
TXN0597,MKT004,TR002,MAMA NKECHI,Beans,2,10468,Transfer,2024-03-10 18:15
TXN0598,MKT005,TR011,Mama Nkechi,Tomatoes,11,172304,POS,2024-02-14 17:56
TXN0599,MKT004,TR018,Sadiya,Yam,12,170736,POS,2024-02-03 17:52
TXN0600,MKT005,TR002,Sadiya,Beans,19,771096,Transfer,2024-01-04 15:36
TXN0601,MKT005,TR001,SADIYA,Gari,3,136983,Cash,2024-01-26 17:05
TXN0602,MKT002,TR018,ALHAJI MUSA,Beans,16,668688,Cash,2024-02-22 17:53
TXN0603,MKT002,TR008,CHINEDU,Yam,12,449160,POS,2024-03-19 12:59
TXN0604,MKT002,TR006,BELLO,Yam,8,124544,Transfer,2024-02-10 08:01
TXN0605,MKT005,TR020,Chinedu,Yam,12,181104,Cash,2024-02-13 08:46
TXN0606,MKT005,TR003,Bello,Tomatoes,15,679200,Transfer,2024-02-23 15:09
TXN0607,MKT002,TR012,Sadiya,Yam,20,526560,Cash,2024-02-02 17:10
TXN0608,MKT001,TR003,Sadiya,Rice,16,588608,Transfer,2024-02-03 11:04
TXN0609,MKT002,TR018,ALHAJI MUSA,Beans,18,666414,Transfer,2024-01-07 10:08
TXN0610,MKT005,TR011,Bello,Tomatoes,9,363213,Transfer,2024-01-05 12:34
TXN0611,MKT002,TR018,CHINEDU,Yam,6,166968,Cash,2024-02-10 08:54
TXN0612,MKT005,TR011,BELLO,Tomatoes,19,69749,Transfer,2024-03-07 15:30
TXN0613,MKT005,TR018,Mama Nkechi,Gari,4,77928,Transfer,2024-03-26 10:58
TXN0614,MKT003,TR005,SADIYA,Rice,7,7217,Cash,2024-02-10 10:40
TXN0615,MKT003,TR014,CHINEDU,Tomatoes,15,171885,POS,2024-01-13 14:53
TXN0616,MKT002,TR009,Alhaji Musa,Beans,3,137934,POS,2024-02-03 10:12
TXN0617,MKT004,TR013,Alhaji Musa,Gari,13,386074,POS,2024-03-09 14:45
TXN0618,MKT001,TR020,Sadiya,Yam,3,30063,POS,2024-03-12 09:56
TXN0619,MKT004,TR007,MAMA NKECHI,Tomatoes,9,188343,POS,2024-01-18 17:27
TXN0620,MKT005,TR018,MAMA NKECHI,Gari,2,26330,Cash,2024-02-18 14:16
TXN0621,MKT005,TR020,Chinedu,Gari,17,775812,POS,2024-01-30 14:55
TXN0622,MKT004,TR006,ALHAJI MUSA,Yam,1,10353,Cash,2024-03-08 13:41
TXN0623,MKT003,TR006,Chinedu,Tomatoes,3,72351,POS,2024-03-28 13:25
TXN0624,MKT002,TR020,ALHAJI MUSA,Tomatoes,8,391832,Transfer,2024-01-06 08:52
TXN0625,MKT005,TR010,Chinedu,Tomatoes,16,619856,POS,2024-02-09 15:45
TXN0626,MKT003,TR009,MAMA NKECHI,Tomatoes,16,192800,Transfer,2024-03-28 10:46
TXN0627,MKT002,TR010,Mama Nkechi,Rice,10,233500,Cash,2024-02-02 15:29
TXN0628,MKT003,TR005,Alhaji Musa,Rice,6,148014,POS,2024-01-22 10:22
TXN0629,MKT004,TR006,Bello,Yam,19,153938,Cash,2024-02-05 14:20
TXN0630,MKT001,TR010,MAMA NKECHI,Gari,11,457457,Transfer,2024-02-29 15:38
TXN0631,MKT001,TR015,Alhaji Musa,Yam,15,533775,Cash,2024-03-19 10:04
TXN0632,MKT002,TR010,Sadiya,Gari,7,311710,Transfer,2024-01-18 15:26
TXN0633,MKT003,TR008,Alhaji Musa,Gari,11,209363,Transfer,2024-02-25 17:44
TXN0634,MKT005,TR010,Chinedu,Tomatoes,18,838602,Transfer,2024-03-11 08:53
TXN0635,MKT005,TR010,BELLO,Gari,9,361107,Transfer,2024-02-22 14:17
TXN0636,MKT005,TR016,SADIYA,Beans,2,14480,Transfer,2024-03-15 08:59
TXN0637,MKT005,TR010,Bello,Tomatoes,7,202839,Cash,2024-02-22 17:57
TXN0638,MKT005,TR006,BELLO,Yam,14,694764,POS,2024-03-03 15:19
TXN0639,MKT005,TR015,Chinedu,Yam,10,35320,POS,2024-01-01 08:54
TXN0640,MKT002,TR019,Mama Nkechi,Rice,3,75399,Transfer,2024-02-13 10:31
TXN0641,MKT001,TR005,Mama Nkechi,Yam,13,122720,Transfer,2024-03-06 12:33
TXN0642,MKT001,TR019,Chinedu,Yam,4,38036,Transfer,2024-03-08 11:43
TXN0643,MKT004,TR010,Mama Nkechi,Beans,12,204684,Transfer,2024-01-27 13:48
TXN0644,MKT005,TR004,SADIYA,Gari,20,286200,POS,2024-03-24 18:56
TXN0645,MKT001,TR019,SADIYA,Tomatoes,15,89910,Transfer,2024-02-09 09:04
TXN0646,MKT003,TR018,Sadiya,Rice,20,930600,Cash,2024-01-31 12:15
TXN0647,MKT004,TR001,MAMA NKECHI,Tomatoes,15,233925,Cash,2024-03-08 15:15
TXN0648,MKT002,TR010,ALHAJI MUSA,Rice,18,53460,Transfer,2024-02-28 18:14
TXN0649,MKT005,TR006,Sadiya,Rice,10,111340,POS,2024-03-11 11:32
TXN0650,MKT005,TR002,Chinedu,Gari,8,54288,Cash,2024-02-24 17:34
TXN0651,MKT004,TR010,Mama Nkechi,Rice,6,126660,Cash,2024-03-28 09:48
TXN0652,MKT005,TR009,ALHAJI MUSA,Gari,10,456840,POS,2024-02-08 15:31
TXN0653,MKT002,TR011,ALHAJI MUSA,Rice,18,64548,Cash,2024-02-22 18:30
TXN0654,MKT004,TR017,CHINEDU,Yam,6,142500,Cash,2024-02-09 14:08
TXN0655,MKT001,TR013,Bello,Yam,16,159824,Cash,2024-02-22 09:16
TXN0656,MKT004,TR008,Mama Nkechi,Yam,16,622784,POS,2024-03-24 14:40
TXN0657,MKT004,TR008,Sadiya,Rice,8,13552,Transfer,2024-02-09 14:43
TXN0658,MKT001,TR010,Sadiya,Gari,10,324070,POS,2024-02-04 17:59
TXN0659,MKT004,TR009,Mama Nkechi,Tomatoes,19,112746,Cash,2024-02-27 18:42
TXN0660,MKT003,TR003,Bello,Yam,9,373086,Transfer,2024-02-15 13:03
TXN0661,MKT001,TR015,Mama Nkechi,Yam,15,288675,Cash,2024-01-11 13:56
TXN0662,MKT003,TR010,Alhaji Musa,Tomatoes,7,276332,Transfer,2024-03-01 08:08
TXN0663,MKT004,TR018,Bello,Tomatoes,1,37791,POS,2024-01-05 16:19
TXN0664,MKT001,TR016,Bello,Yam,15,589845,Transfer,2024-02-09 08:24
TXN0665,MKT003,TR004,Chinedu,Gari,7,207060,Cash,2024-03-16 14:02
TXN0666,MKT005,TR016,Bello,Yam,19,426246,Transfer,2024-01-08 12:07
TXN0667,MKT002,TR018,Alhaji Musa,Tomatoes,16,753360,Transfer,2024-02-07 10:27
TXN0668,MKT003,TR007,Chinedu,Beans,13,257907,Transfer,2024-01-16 15:57
TXN0669,MKT003,TR016,Bello,Beans,12,199716,Cash,2024-02-10 14:31
TXN0670,MKT002,TR010,SADIYA,Gari,13,71851,Cash,2024-03-21 16:46
TXN0671,MKT004,TR002,CHINEDU,Gari,17,559538,Cash,2024-02-29 14:06
TXN0672,MKT004,TR015,Alhaji Musa,Yam,15,728250,Transfer,2024-03-08 13:31
TXN0673,MKT005,TR011,Bello,Gari,2,79368,POS,2024-02-20 17:48
TXN0674,MKT004,TR018,ALHAJI MUSA,Tomatoes,15,328515,Cash,2024-03-08 12:31
TXN0675,MKT003,TR017,Sadiya,Rice,7,272013,Cash,2024-02-12 14:39
TXN0676,MKT004,TR015,MAMA NKECHI,Tomatoes,5,46870,POS,2024-03-23 15:54
TXN0677,MKT004,TR007,MAMA NKECHI,Gari,4,59364,POS,2024-02-23 18:47
TXN0678,MKT005,TR015,Sadiya,Beans,18,528696,Cash,2024-03-28 17:14
TXN0679,MKT004,TR012,CHINEDU,Beans,15,105555,POS,2024-03-26 10:10
TXN0680,MKT001,TR013,ALHAJI MUSA,Gari,7,339997,POS,2024-01-13 18:17
TXN0681,MKT003,TR018,Sadiya,Gari,12,588456,POS,2024-03-24 17:07
TXN0682,MKT002,TR003,Sadiya,Beans,10,174260,Transfer,2024-01-09 15:31
TXN0683,MKT001,TR014,Mama Nkechi,Gari,1,26581,POS,2024-01-23 09:58
TXN0684,MKT003,TR008,Mama Nkechi,Yam,13,183456,Transfer,2024-01-09 11:49
TXN0685,MKT003,TR015,Bello,Gari,10,48580,POS,2024-03-26 11:24
TXN0686,MKT005,TR001,CHINEDU,Rice,1,21726,POS,2024-01-18 18:27
TXN0687,MKT001,TR007,Chinedu,Yam,18,570780,Cash,2024-03-29 14:58
TXN0688,MKT003,TR001,MAMA NKECHI,Rice,4,21360,Transfer,2024-03-23 14:41
TXN0689,MKT001,TR006,Chinedu,Gari,2,97822,POS,2024-01-23 11:01
TXN0690,MKT002,TR019,Alhaji Musa,Rice,13,148083,Transfer,2024-01-13 09:09
TXN0691,MKT002,TR005,Sadiya,Gari,5,173840,Cash,2024-03-10 08:55
TXN0692,MKT004,TR007,SADIYA,Gari,18,765594,POS,2024-03-16 18:19
TXN0693,MKT001,TR013,Bello,Yam,14,265048,Transfer,2024-01-12 10:59
TXN0694,MKT001,TR001,SADIYA,Beans,9,99216,Transfer,2024-03-24 17:05
TXN0695,MKT004,TR019,CHINEDU,Gari,19,384237,POS,2024-02-05 13:57
TXN0696,MKT001,TR019,Bello,Tomatoes,19,694127,Transfer,2024-03-20 15:56
TXN0697,MKT001,TR016,ALHAJI MUSA,Gari,18,239706,Cash,2024-02-10 10:14
TXN0698,MKT001,TR009,Alhaji Musa,Beans,19,156522,POS,2024-01-19 09:12
TXN0699,MKT005,TR014,BELLO,Rice,14,586740,Transfer,2024-03-20 10:53
TXN0700,MKT002,TR019,Sadiya,Gari,6,171564,Transfer,2024-03-28 15:19
TXN0701,MKT005,TR010,Alhaji Musa,Beans,16,660080,Cash,2024-02-20 13:20
TXN0702,MKT003,TR009,Sadiya,Gari,14,523936,POS,2024-01-22 08:55
TXN0703,MKT004,TR010,Alhaji Musa,Tomatoes,16,117728,POS,2024-01-29 11:15
TXN0704,MKT003,TR004,Mama Nkechi,Rice,11,434720,Transfer,2024-02-25 12:37
TXN0705,MKT005,TR018,Bello,Gari,15,239280,Transfer,2024-01-11 12:25
TXN0706,MKT001,TR012,Chinedu,Rice,15,543015,Transfer,2024-03-13 12:06
TXN0707,MKT004,TR015,Sadiya,Rice,9,293706,Transfer,2024-01-07 15:44
TXN0708,MKT001,TR011,Mama Nkechi,Tomatoes,7,298935,Transfer,2024-03-19 10:51
TXN0709,MKT004,TR010,Sadiya,Yam,19,561849,POS,2024-01-26 16:27
TXN0710,MKT003,TR018,Bello,Gari,15,334800,Transfer,2024-02-02 15:06
TXN0711,MKT003,TR009,Sadiya,Beans,20,117100,POS,2024-02-28 12:49
TXN0712,MKT005,TR002,Bello,Beans,17,36550,POS,2024-02-04 17:34
TXN0713,MKT005,TR019,Bello,Gari,2,51572,POS,2024-03-21 09:28
TXN0714,MKT004,TR019,MAMA NKECHI,Yam,17,157505,Transfer,2024-01-13 13:39
TXN0715,MKT003,TR005,ALHAJI MUSA,Rice,6,161880,POS,2024-03-27 11:13
TXN0716,MKT001,TR010,Sadiya,Gari,14,168434,Transfer,2024-03-29 14:12
TXN0717,MKT004,TR012,SADIYA,Tomatoes,4,174032,Cash,2024-02-25 09:15
TXN0718,MKT002,TR007,Mama Nkechi,Tomatoes,16,330528,Transfer,2024-03-26 17:13
TXN0719,MKT003,TR014,Mama Nkechi,Gari,7,82544,Cash,2024-03-25 10:17
TXN0720,MKT005,TR011,Chinedu,Gari,2,29970,Transfer,2024-01-23 12:16
TXN0721,MKT004,TR015,CHINEDU,Tomatoes,14,137312,Transfer,2024-01-07 18:54
TXN0722,MKT004,TR006,SADIYA,Yam,16,745504,Cash,2024-02-20 18:24
TXN0723,MKT005,TR003,Alhaji Musa,Yam,13,509301,Transfer,2024-03-30 16:05
TXN0724,MKT005,TR010,Chinedu,Beans,2,55040,Transfer,2024-01-13 17:39
TXN0725,MKT002,TR018,Bello,Rice,10,12530,Transfer,2024-03-20 10:11
TXN0726,MKT003,TR013,Chinedu,Yam,2,62108,POS,2024-03-22 11:44
TXN0727,MKT001,TR013,Alhaji Musa,Rice,13,551135,Transfer,2024-01-13 18:54
TXN0728,MKT004,TR005,Chinedu,Gari,13,69160,POS,2024-02-24 09:35
TXN0729,MKT004,TR011,Chinedu,Rice,13,15561,Cash,2024-02-07 08:02
TXN0730,MKT004,TR006,SADIYA,Gari,9,78354,POS,2024-01-16 14:49
TXN0731,MKT003,TR003,Alhaji Musa,Tomatoes,7,11165,Cash,2024-03-09 14:08
TXN0732,MKT001,TR016,Mama Nkechi,Rice,11,188463,Transfer,2024-01-20 09:21
TXN0733,MKT001,TR013,Sadiya,Yam,15,212955,Cash,2024-03-06 16:19
TXN0734,MKT002,TR018,BELLO,Yam,20,527180,Cash,2024-03-25 15:18
TXN0735,MKT005,TR013,Bello,Gari,11,330693,Transfer,2024-03-23 14:43
TXN0736,MKT005,TR016,Chinedu,Yam,4,116280,POS,2024-03-17 17:47
TXN0737,MKT003,TR017,Chinedu,Gari,9,336132,Transfer,2024-02-21 11:48
TXN0738,MKT003,TR006,SADIYA,Yam,5,70785,Transfer,2024-01-17 08:25
TXN0739,MKT005,TR002,Mama Nkechi,Rice,16,326112,Transfer,2024-01-23 12:19
TXN0740,MKT002,TR006,Alhaji Musa,Rice,12,374520,POS,2024-03-10 08:34
TXN0741,MKT004,TR017,Mama Nkechi,Beans,4,108364,Transfer,2024-01-18 17:51
TXN0742,MKT002,TR016,Mama Nkechi,Gari,18,81000,Cash,2024-02-01 17:44
TXN0743,MKT003,TR006,Alhaji Musa,Beans,17,83878,Cash,2024-01-30 08:32
TXN0744,MKT004,TR001,Bello,Tomatoes,5,133965,POS,2024-01-16 11:44
TXN0745,MKT001,TR011,Sadiya,Beans,18,568656,POS,2024-01-28 12:58
TXN0746,MKT004,TR018,Chinedu,Gari,6,124512,Transfer,2024-01-16 14:02
TXN0747,MKT005,TR018,ALHAJI MUSA,Gari,17,479162,POS,2024-02-12 08:08
TXN0748,MKT002,TR005,Bello,Tomatoes,5,132090,Cash,2024-01-21 14:07
TXN0749,MKT001,TR001,MAMA NKECHI,Yam,4,37496,POS,2024-03-07 14:21
TXN0750,MKT005,TR018,Sadiya,Tomatoes,11,236148,Cash,2024-02-21 10:05
TXN0751,MKT005,TR011,SADIYA,Gari,3,63687,POS,2024-03-19 14:23
TXN0752,MKT003,TR019,BELLO,Tomatoes,1,22241,POS,2024-03-05 08:56
TXN0753,MKT002,TR012,Mama Nkechi,Beans,2,81120,Transfer,2024-02-04 17:29
TXN0754,MKT002,TR011,SADIYA,Rice,17,789378,Cash,2024-01-19 16:26
TXN0755,MKT003,TR019,Bello,Tomatoes,1,21824,Transfer,2024-02-01 10:04
TXN0756,MKT002,TR011,MAMA NKECHI,Tomatoes,4,63004,Cash,2024-01-02 13:30
TXN0757,MKT003,TR014,Alhaji Musa,Gari,3,24681,Cash,2024-02-11 17:15
TXN0758,MKT002,TR009,Bello,Rice,6,115884,POS,2024-03-01 12:45
TXN0759,MKT005,TR007,Mama Nkechi,Yam,14,156296,Cash,2024-01-18 14:37
TXN0760,MKT002,TR015,Chinedu,Gari,20,382200,POS,2024-02-21 09:21
TXN0761,MKT003,TR009,ALHAJI MUSA,Gari,3,99333,POS,2024-02-29 12:14
TXN0762,MKT003,TR002,Chinedu,Yam,14,305466,Transfer,2024-01-30 08:07
TXN0763,MKT003,TR020,ALHAJI MUSA,Yam,11,154825,POS,2024-03-11 12:09
TXN0764,MKT005,TR012,Mama Nkechi,Yam,12,289944,POS,2024-02-22 16:04
TXN0765,MKT003,TR011,Mama Nkechi,Yam,6,132396,Cash,2024-01-15 18:38
TXN0766,MKT001,TR018,Sadiya,Rice,6,267702,Cash,2024-03-24 17:48
TXN0767,MKT005,TR002,ALHAJI MUSA,Gari,20,895140,POS,2024-03-17 11:20
TXN0768,MKT003,TR015,Chinedu,Rice,7,169512,Cash,2024-02-21 12:16
TXN0769,MKT005,TR002,CHINEDU,Yam,7,211162,Transfer,2024-02-25 13:23
TXN0770,MKT002,TR003,Alhaji Musa,Tomatoes,17,502146,POS,2024-02-23 11:42
TXN0771,MKT003,TR020,Chinedu,Beans,5,78115,POS,2024-03-14 15:19
TXN0772,MKT002,TR013,Bello,Yam,16,20928,Transfer,2024-02-05 14:14
TXN0773,MKT005,TR004,CHINEDU,Yam,16,97152,Cash,2024-01-05 18:36
TXN0774,MKT005,TR011,CHINEDU,Tomatoes,19,294652,POS,2024-01-06 17:20
TXN0775,MKT005,TR010,Chinedu,Beans,2,41194,Transfer,2024-01-26 16:34
TXN0776,MKT001,TR003,BELLO,Beans,3,60789,Cash,2024-01-12 12:58
TXN0777,MKT003,TR020,SADIYA,Yam,20,431960,POS,2024-01-07 12:03
TXN0778,MKT005,TR018,Bello,Rice,12,213888,Transfer,2024-01-09 12:02
TXN0779,MKT003,TR011,CHINEDU,Gari,3,37017,POS,2024-03-04 15:42
TXN0780,MKT002,TR015,CHINEDU,Beans,6,288450,Transfer,2024-01-21 18:21
TXN0781,MKT004,TR003,Mama Nkechi,Yam,18,730296,Cash,2024-03-08 11:52
TXN0782,MKT003,TR020,Alhaji Musa,Rice,3,7578,Transfer,2024-01-29 18:12
TXN0783,MKT001,TR016,SADIYA,Rice,19,486210,Transfer,2024-03-08 16:44
TXN0784,MKT004,TR020,MAMA NKECHI,Rice,6,10308,Cash,2024-01-10 17:05
TXN0785,MKT003,TR019,Chinedu,Beans,10,31090,Transfer,2024-02-05 14:47
TXN0786,MKT002,TR012,MAMA NKECHI,Gari,8,75824,POS,2024-02-23 08:44
TXN0787,MKT003,TR018,Bello,Beans,15,54330,POS,2024-01-19 13:34
TXN0788,MKT001,TR010,MAMA NKECHI,Tomatoes,9,253053,Transfer,2024-01-04 14:16
TXN0789,MKT001,TR009,Mama Nkechi,Yam,17,54315,Transfer,2024-03-22 17:00
TXN0790,MKT003,TR003,Alhaji Musa,Yam,11,476839,Cash,2024-01-19 18:12
TXN0791,MKT005,TR001,Chinedu,Beans,19,380019,Transfer,2024-03-11 12:40
TXN0792,MKT004,TR003,Sadiya,Tomatoes,20,974780,Transfer,2024-02-22 13:29
TXN0793,MKT005,TR011,Sadiya,Tomatoes,19,176320,POS,2024-01-20 12:46
TXN0794,MKT001,TR006,ALHAJI MUSA,Gari,10,143710,Transfer,2024-03-24 17:43
TXN0795,MKT005,TR003,SADIYA,Rice,17,54349,POS,2024-03-19 15:34
TXN0796,MKT003,TR008,Bello,Gari,11,65989,POS,2024-02-14 15:33
TXN0797,MKT005,TR009,CHINEDU,Beans,11,116974,Transfer,2024-02-06 11:08
TXN0798,MKT001,TR004,ALHAJI MUSA,Yam,18,273024,Cash,2024-03-13 15:50
TXN0799,MKT004,TR019,Mama Nkechi,Beans,10,220080,Transfer,2024-02-15 17:37
TXN0800,MKT003,TR008,Mama Nkechi,Yam,5,242075,Transfer,2024-03-19 18:06
TXN0801,MKT003,TR007,Mama Nkechi,Rice,14,666974,POS,2024-02-12 08:00
TXN0802,MKT003,TR004,Chinedu,Yam,17,263789,Transfer,2024-01-01 12:41
TXN0803,MKT004,TR001,Mama Nkechi,Beans,9,12735,POS,2024-01-20 11:59
TXN0804,MKT002,TR011,CHINEDU,Yam,6,171450,Cash,2024-03-06 17:16
TXN0805,MKT002,TR008,Alhaji Musa,Rice,15,299790,POS,2024-01-16 16:15
TXN0806,MKT004,TR007,CHINEDU,Rice,12,347028,Cash,2024-01-06 18:57
TXN0807,MKT002,TR001,Alhaji Musa,Yam,18,524214,Transfer,2024-02-05 14:01
TXN0808,MKT005,TR006,Sadiya,Yam,10,296420,Transfer,2024-03-03 15:43
TXN0809,MKT005,TR011,Alhaji Musa,Tomatoes,10,450700,Cash,2024-01-21 17:36
TXN0810,MKT002,TR003,Chinedu,Tomatoes,19,824239,POS,2024-01-22 11:52
TXN0811,MKT005,TR004,CHINEDU,Beans,13,513877,Transfer,2024-03-21 17:16
TXN0812,MKT002,TR001,Chinedu,Gari,3,106155,POS,2024-01-17 14:17
TXN0813,MKT002,TR018,Chinedu,Yam,14,286356,POS,2024-03-21 12:34
TXN0814,MKT003,TR011,Alhaji Musa,Gari,12,516012,POS,2024-03-18 18:58
TXN0815,MKT005,TR020,Sadiya,Gari,6,219576,Cash,2024-01-10 12:57
TXN0816,MKT003,TR017,Sadiya,Rice,15,739980,POS,2024-03-28 14:23
TXN0817,MKT003,TR013,BELLO,Tomatoes,8,214240,Cash,2024-03-03 16:40
TXN0818,MKT001,TR010,CHINEDU,Yam,18,339894,POS,2024-01-20 08:08
TXN0819,MKT002,TR005,Mama Nkechi,Gari,4,67436,Transfer,2024-03-28 14:53
TXN0820,MKT003,TR003,Chinedu,Rice,11,201817,Transfer,2024-03-18 08:36
TXN0821,MKT002,TR009,Sadiya,Rice,14,691026,Transfer,2024-02-09 15:44
TXN0822,MKT002,TR009,Mama Nkechi,Yam,15,567330,POS,2024-01-05 08:29
TXN0823,MKT002,TR007,Chinedu,Gari,19,178581,Cash,2024-03-16 08:31
TXN0824,MKT003,TR006,Bello,Yam,9,328320,Transfer,2024-01-03 17:55
TXN0825,MKT003,TR009,Alhaji Musa,Gari,6,100344,POS,2024-02-10 17:17
TXN0826,MKT001,TR001,CHINEDU,Rice,5,73650,Transfer,2024-01-10 09:37
TXN0827,MKT004,TR005,Mama Nkechi,Rice,2,83180,POS,2024-01-21 13:49
TXN0828,MKT003,TR003,ALHAJI MUSA,Rice,4,79080,POS,2024-01-11 13:28
TXN0829,MKT001,TR005,BELLO,Tomatoes,4,44540,POS,2024-01-08 17:34
TXN0830,MKT002,TR014,Bello,Beans,16,484320,Cash,2024-01-20 13:31
TXN0831,MKT001,TR004,Alhaji Musa,Rice,17,790296,Cash,2024-02-20 16:14
TXN0832,MKT005,TR014,BELLO,Tomatoes,12,480456,Cash,2024-02-20 12:33
TXN0833,MKT001,TR006,MAMA NKECHI,Beans,7,184653,Cash,2024-01-31 08:24
TXN0834,MKT004,TR017,BELLO,Rice,2,52854,Cash,2024-02-09 18:40
TXN0835,MKT004,TR014,Sadiya,Gari,1,11257,Transfer,2024-03-15 18:34
TXN0836,MKT005,TR019,CHINEDU,Yam,5,120250,POS,2024-03-11 11:14
TXN0837,MKT002,TR019,MAMA NKECHI,Tomatoes,2,98024,Cash,2024-01-02 09:26
TXN0838,MKT004,TR014,Bello,Gari,4,88352,POS,2024-02-28 18:28
TXN0839,MKT004,TR013,Alhaji Musa,Yam,15,312855,Cash,2024-01-01 10:02
TXN0840,MKT002,TR017,Sadiya,Beans,8,24384,Transfer,2024-02-13 12:55
TXN0841,MKT003,TR020,BELLO,Gari,20,891100,Transfer,2024-01-18 12:57
TXN0842,MKT001,TR019,Bello,Beans,3,9300,Transfer,2024-03-26 10:59
TXN0843,MKT004,TR020,Sadiya,Tomatoes,18,647982,Cash,2024-03-03 13:16
TXN0844,MKT002,TR020,Chinedu,Rice,20,73180,POS,2024-01-06 18:00
TXN0845,MKT001,TR008,Bello,Tomatoes,7,249949,Cash,2024-03-29 18:13
TXN0846,MKT001,TR006,Alhaji Musa,Gari,5,136605,Cash,2024-02-07 18:52
TXN0847,MKT004,TR010,ALHAJI MUSA,Yam,17,753355,Cash,2024-03-13 11:38
TXN0848,MKT003,TR012,Sadiya,Yam,15,283470,POS,2024-02-01 18:04
TXN0849,MKT005,TR010,Chinedu,Tomatoes,10,160330,POS,2024-03-12 13:23
TXN0850,MKT001,TR008,Chinedu,Gari,3,48753,Cash,2024-03-29 13:44
TXN0851,MKT005,TR001,ALHAJI MUSA,Tomatoes,9,344457,Transfer,2024-02-16 11:54
TXN0852,MKT005,TR006,SADIYA,Yam,13,443378,Transfer,2024-01-13 12:16
TXN0853,MKT001,TR008,Alhaji Musa,Tomatoes,3,90909,Transfer,2024-01-31 10:19
TXN0854,MKT001,TR018,CHINEDU,Beans,13,561730,Cash,2024-02-05 17:05
TXN0855,MKT005,TR004,SADIYA,Tomatoes,19,144837,Cash,2024-02-14 15:38
TXN0856,MKT005,TR013,Chinedu,Beans,5,108060,POS,2024-03-09 15:20
TXN0857,MKT005,TR013,Bello,Yam,3,59142,Cash,2024-01-24 09:43
TXN0858,MKT005,TR016,Bello,Tomatoes,6,98790,POS,2024-01-25 10:24
TXN0859,MKT005,TR014,Alhaji Musa,Beans,1,6094,Transfer,2024-01-01 10:22
TXN0860,MKT004,TR005,Mama Nkechi,Yam,1,25172,Cash,2024-03-18 09:12
TXN0861,MKT002,TR002,ALHAJI MUSA,Rice,7,246764,POS,2024-03-13 13:02
TXN0862,MKT001,TR011,BELLO,Yam,1,22505,Transfer,2024-01-28 11:45
TXN0863,MKT005,TR006,Mama Nkechi,Tomatoes,17,382177,Cash,2024-02-17 14:05
TXN0864,MKT005,TR002,Mama Nkechi,Gari,16,569536,POS,2024-03-13 14:38
TXN0865,MKT001,TR008,Bello,Yam,15,743955,Cash,2024-01-24 09:18
TXN0866,MKT002,TR014,SADIYA,Tomatoes,18,99198,Cash,2024-01-25 11:13
TXN0867,MKT003,TR008,Alhaji Musa,Gari,3,95784,POS,2024-02-16 09:08
TXN0868,MKT003,TR013,Chinedu,Rice,6,128682,Transfer,2024-02-21 17:08
TXN0869,MKT002,TR009,Mama Nkechi,Beans,6,240378,Cash,2024-03-19 12:52
TXN0870,MKT002,TR011,Alhaji Musa,Gari,14,267246,Cash,2024-02-29 13:32
TXN0871,MKT005,TR013,Chinedu,Tomatoes,20,814260,Transfer,2024-03-04 14:40
TXN0872,MKT003,TR013,Sadiya,Rice,4,83180,Cash,2024-02-21 10:25
TXN0873,MKT004,TR017,Sadiya,Tomatoes,11,324423,POS,2024-01-11 08:55
TXN0874,MKT001,TR015,MAMA NKECHI,Rice,7,16135,Cash,2024-03-08 09:09
TXN0875,MKT004,TR019,Chinedu,Gari,12,264648,Cash,2024-03-26 15:28
TXN0876,MKT001,TR018,Alhaji Musa,Rice,18,124002,POS,2024-03-23 11:57
TXN0877,MKT003,TR009,SADIYA,Rice,14,344428,Cash,2024-01-07 16:37
TXN0878,MKT003,TR002,Alhaji Musa,Yam,4,24428,Cash,2024-01-03 16:07
TXN0879,MKT002,TR003,Bello,Tomatoes,3,88371,Cash,2024-01-14 13:38
TXN0880,MKT003,TR002,SADIYA,Rice,13,603473,Cash,2024-01-12 14:46
TXN0881,MKT003,TR006,Mama Nkechi,Gari,5,24430,Cash,2024-03-20 11:30
TXN0882,MKT002,TR002,BELLO,Tomatoes,10,139310,Transfer,2024-01-31 10:49
TXN0883,MKT002,TR014,Bello,Yam,11,548449,POS,2024-03-25 14:59
TXN0884,MKT001,TR005,Alhaji Musa,Tomatoes,2,41560,Transfer,2024-01-18 11:01
TXN0885,MKT001,TR014,Sadiya,Gari,20,928800,Transfer,2024-02-17 12:12
TXN0886,MKT003,TR014,Alhaji Musa,Tomatoes,19,214985,Transfer,2024-01-12 09:28
TXN0887,MKT003,TR002,Sadiya,Tomatoes,6,72420,Transfer,2024-03-19 08:08
TXN0888,MKT002,TR020,Bello,Beans,6,26310,POS,2024-02-03 18:54
TXN0889,MKT003,TR006,CHINEDU,Tomatoes,6,88626,Transfer,2024-03-07 18:28
TXN0890,MKT002,TR015,Chinedu,Beans,18,402318,Cash,2024-02-22 11:59
TXN0891,MKT003,TR006,ALHAJI MUSA,Yam,9,67752,Cash,2024-02-01 09:41
TXN0892,MKT005,TR006,Chinedu,Gari,16,201600,POS,2024-03-23 11:54
TXN0893,MKT003,TR010,Mama Nkechi,Yam,1,2776,Transfer,2024-03-01 17:04
TXN0894,MKT002,TR007,MAMA NKECHI,Tomatoes,10,185940,POS,2024-03-07 14:45
TXN0895,MKT002,TR011,Alhaji Musa,Tomatoes,17,578918,Cash,2024-03-17 08:07
TXN0896,MKT004,TR020,CHINEDU,Beans,5,230585,POS,2024-01-30 11:19
TXN0897,MKT001,TR020,BELLO,Beans,17,121550,POS,2024-01-21 18:41
TXN0898,MKT002,TR001,Mama Nkechi,Beans,13,260572,POS,2024-01-28 15:07
TXN0899,MKT002,TR006,ALHAJI MUSA,Beans,3,132207,Transfer,2024-02-20 09:30
TXN0900,MKT005,TR007,BELLO,Yam,8,359240,Cash,2024-02-12 08:23
TXN0901,MKT002,TR009,CHINEDU,Yam,12,198288,Transfer,2024-01-09 08:24
TXN0902,MKT003,TR013,Chinedu,Rice,12,38904,Transfer,2024-02-13 14:41
TXN0903,MKT001,TR018,CHINEDU,Tomatoes,1,18927,POS,2024-01-26 14:29
TXN0904,MKT003,TR011,Sadiya,Tomatoes,2,79284,Transfer,2024-02-10 14:30
TXN0905,MKT004,TR011,CHINEDU,Gari,15,664665,POS,2024-03-24 11:14
TXN0906,MKT002,TR002,Sadiya,Yam,2,31696,POS,2024-01-24 12:32
TXN0907,MKT004,TR002,Mama Nkechi,Gari,3,108069,Transfer,2024-02-21 16:10
TXN0908,MKT004,TR008,CHINEDU,Gari,13,12129,Transfer,2024-03-10 18:09
TXN0909,MKT003,TR015,Mama Nkechi,Gari,19,578474,Cash,2024-01-19 10:24
TXN0910,MKT003,TR020,Alhaji Musa,Rice,1,23578,Transfer,2024-01-02 11:28
TXN0911,MKT001,TR012,Bello,Tomatoes,19,180975,POS,2024-03-21 11:04
TXN0912,MKT004,TR019,Mama Nkechi,Tomatoes,20,569320,Transfer,2024-02-01 12:24
TXN0913,MKT005,TR006,MAMA NKECHI,Gari,6,132030,Transfer,2024-02-17 17:28
TXN0914,MKT001,TR008,Mama Nkechi,Rice,16,490080,Transfer,2024-03-15 12:36
TXN0915,MKT004,TR011,Chinedu,Beans,12,73356,Transfer,2024-03-05 18:54
TXN0916,MKT005,TR014,Mama Nkechi,Gari,1,22160,Transfer,2024-03-15 17:18
TXN0917,MKT003,TR020,Sadiya,Tomatoes,11,218680,Cash,2024-03-15 14:26
TXN0918,MKT005,TR004,Sadiya,Tomatoes,3,103047,Transfer,2024-02-19 18:42
TXN0919,MKT001,TR014,Mama Nkechi,Beans,5,20835,POS,2024-03-23 17:34
TXN0920,MKT002,TR009,BELLO,Beans,13,187642,Transfer,2024-02-13 10:25
TXN0921,MKT002,TR009,BELLO,Rice,1,34369,POS,2024-02-03 14:46
TXN0922,MKT001,TR020,ALHAJI MUSA,Beans,7,225589,Transfer,2024-03-01 12:41
TXN0923,MKT005,TR002,Chinedu,Beans,7,227612,Cash,2024-01-01 13:39
TXN0924,MKT003,TR009,Sadiya,Tomatoes,20,809560,Transfer,2024-01-22 12:41
TXN0925,MKT005,TR014,Chinedu,Tomatoes,20,954040,Transfer,2024-02-14 18:34
TXN0926,MKT004,TR019,Mama Nkechi,Beans,10,51850,POS,2024-02-01 09:39
TXN0927,MKT003,TR004,Alhaji Musa,Tomatoes,3,24258,Cash,2024-01-30 09:30
TXN0928,MKT001,TR005,Bello,Gari,20,707180,Transfer,2024-01-24 18:47
TXN0929,MKT004,TR011,Alhaji Musa,Rice,6,213972,POS,2024-02-12 12:18
TXN0930,MKT005,TR016,Mama Nkechi,Gari,19,316977,POS,2024-03-02 18:39
TXN0931,MKT005,TR018,Chinedu,Beans,17,296769,Cash,2024-01-09 09:51
TXN0932,MKT003,TR013,Bello,Rice,15,588960,POS,2024-03-01 11:07
TXN0933,MKT003,TR011,Bello,Yam,13,333970,POS,2024-01-02 16:23
TXN0934,MKT002,TR012,Sadiya,Beans,19,772198,Cash,2024-02-20 12:26
TXN0935,MKT005,TR013,Chinedu,Yam,15,391620,Transfer,2024-03-23 17:33
TXN0936,MKT003,TR009,Chinedu,Beans,13,276133,POS,2024-02-26 10:03
TXN0937,MKT002,TR017,Mama Nkechi,Yam,14,219030,POS,2024-03-30 16:43
TXN0938,MKT001,TR018,BELLO,Yam,18,522990,Cash,2024-01-24 08:37
TXN0939,MKT005,TR016,Sadiya,Gari,10,218390,Transfer,2024-01-19 13:54
TXN0940,MKT001,TR019,MAMA NKECHI,Yam,17,470662,Cash,2024-01-16 10:33
TXN0941,MKT004,TR005,Mama Nkechi,Beans,14,277564,POS,2024-01-25 13:06
TXN0942,MKT004,TR016,Mama Nkechi,Tomatoes,18,287424,Transfer,2024-01-18 09:14
TXN0943,MKT003,TR003,Sadiya,Yam,6,256446,POS,2024-03-15 17:35
TXN0944,MKT002,TR004,SADIYA,Yam,13,67678,Cash,2024-02-21 15:38
TXN0945,MKT001,TR019,Mama Nkechi,Gari,1,22260,Cash,2024-03-05 18:45
TXN0946,MKT003,TR020,Chinedu,Rice,19,457235,Cash,2024-03-18 18:57
TXN0947,MKT001,TR010,MAMA NKECHI,Tomatoes,8,396440,Transfer,2024-03-11 08:31
TXN0948,MKT005,TR019,Alhaji Musa,Gari,13,210574,POS,2024-01-14 18:48
TXN0949,MKT001,TR005,Mama Nkechi,Beans,12,570012,Cash,2024-02-29 12:00
TXN0950,MKT004,TR014,Chinedu,Beans,20,366440,POS,2024-03-29 11:10
TXN0951,MKT005,TR019,BELLO,Rice,4,56580,POS,2024-03-30 13:39
TXN0952,MKT004,TR014,Chinedu,Yam,10,274780,POS,2024-01-10 10:02
TXN0953,MKT003,TR002,Bello,Gari,18,661680,Transfer,2024-02-04 10:12
TXN0954,MKT005,TR019,Chinedu,Rice,9,166068,POS,2024-03-28 12:02
TXN0955,MKT003,TR013,Chinedu,Tomatoes,17,625566,POS,2024-01-01 09:56
TXN0956,MKT003,TR005,BELLO,Yam,5,130735,Transfer,2024-02-29 14:53
TXN0957,MKT001,TR013,ALHAJI MUSA,Beans,4,122168,Transfer,2024-03-11 17:43
TXN0958,MKT002,TR007,MAMA NKECHI,Rice,16,710896,Transfer,2024-03-14 13:27
TXN0959,MKT001,TR014,Sadiya,Gari,16,400752,POS,2024-03-26 10:36
TXN0960,MKT004,TR005,SADIYA,Beans,2,92580,Cash,2024-01-02 11:32
TXN0961,MKT003,TR008,CHINEDU,Tomatoes,7,55797,Transfer,2024-02-24 08:54
TXN0962,MKT004,TR015,Sadiya,Tomatoes,3,36261,POS,2024-01-12 13:03
TXN0963,MKT004,TR015,ALHAJI MUSA,Tomatoes,20,972940,Cash,2024-03-30 12:28
TXN0964,MKT005,TR004,BELLO,Gari,12,408732,POS,2024-01-03 18:38
TXN0965,MKT003,TR005,Mama Nkechi,Yam,12,261024,POS,2024-02-01 13:14
TXN0966,MKT004,TR020,MAMA NKECHI,Gari,10,126540,POS,2024-01-24 11:22
TXN0967,MKT002,TR010,Alhaji Musa,Tomatoes,13,429637,Cash,2024-01-07 10:58
TXN0968,MKT002,TR009,Alhaji Musa,Beans,20,838840,Cash,2024-02-18 15:43
TXN0969,MKT003,TR015,Sadiya,Tomatoes,5,65780,Transfer,2024-03-20 11:50
TXN0970,MKT002,TR005,Sadiya,Tomatoes,5,152910,Transfer,2024-03-10 09:38
TXN0971,MKT003,TR018,Bello,Beans,4,13764,Cash,2024-03-13 09:26
TXN0972,MKT003,TR004,Bello,Yam,1,6394,Cash,2024-02-14 09:29
TXN0973,MKT001,TR009,Mama Nkechi,Rice,20,203360,Cash,2024-02-01 08:06
TXN0974,MKT001,TR002,Mama Nkechi,Tomatoes,18,473058,Transfer,2024-02-28 11:12
TXN0975,MKT004,TR016,Alhaji Musa,Yam,9,69597,Cash,2024-01-29 12:50
TXN0976,MKT003,TR002,Bello,Tomatoes,11,408166,POS,2024-02-09 13:01
TXN0977,MKT001,TR007,Sadiya,Rice,14,121240,Transfer,2024-01-30 18:04
TXN0978,MKT002,TR014,BELLO,Rice,1,41649,Cash,2024-01-02 12:01
TXN0979,MKT004,TR006,ALHAJI MUSA,Rice,15,272400,Transfer,2024-03-14 17:41
TXN0980,MKT004,TR017,SADIYA,Beans,10,429560,Cash,2024-03-10 18:18
TXN0981,MKT005,TR017,Bello,Beans,9,29169,Transfer,2024-01-27 14:10
TXN0982,MKT005,TR002,Mama Nkechi,Beans,2,31778,POS,2024-03-21 13:08
TXN0983,MKT001,TR006,Chinedu,Beans,7,147217,Transfer,2024-02-15 14:04
TXN0984,MKT002,TR004,Mama Nkechi,Gari,3,83439,POS,2024-02-07 17:00
TXN0985,MKT002,TR015,Chinedu,Rice,19,421781,Cash,2024-03-01 13:45
TXN0986,MKT005,TR004,BELLO,Tomatoes,7,122108,Transfer,2024-01-17 09:56
TXN0987,MKT001,TR013,CHINEDU,Beans,10,443820,POS,2024-03-19 12:47
TXN0988,MKT003,TR006,Bello,Yam,13,249938,Cash,2024-03-08 17:24
TXN0989,MKT002,TR007,Sadiya,Yam,7,324079,POS,2024-02-26 18:20
TXN0990,MKT003,TR004,Alhaji Musa,Yam,5,38850,Cash,2024-02-16 08:54
TXN0991,MKT002,TR002,Sadiya,Beans,12,36876,Cash,2024-03-08 10:03
TXN0992,MKT005,TR017,SADIYA,Rice,2,14464,Transfer,2024-02-15 14:52
TXN0993,MKT001,TR012,Alhaji Musa,Beans,8,355656,POS,2024-01-20 18:30
TXN0994,MKT004,TR019,Sadiya,Gari,12,435696,Cash,2024-01-31 11:02
TXN0995,MKT004,TR010,SADIYA,Gari,11,316822,Cash,2024-01-13 12:49
TXN0996,MKT001,TR008,Bello,Yam,18,477738,Transfer,2024-01-01 15:03
TXN0997,MKT003,TR005,Mama Nkechi,Yam,16,14560,Transfer,2024-03-24 13:34
TXN0998,MKT003,TR004,Mama Nkechi,Yam,18,593514,Transfer,2024-02-14 16:15
TXN0999,MKT003,TR010,Mama Nkechi,Yam,16,669248,POS,2024-02-23 08:35
TXN1000,MKT003,TR013,Chinedu,Rice,11,247390,POS,2024-03-16 12:27
